,mean_fit_time,std_fit_time,mean_score_time,std_score_time,param_criterion,param_max_depth,param_min_samples_split,param_n_estimators,params,split0_test_score,split1_test_score,split2_test_score,split3_test_score,split4_test_score,mean_test_score,std_test_score,rank_test_score
0,0.03341035842895508,0.0018331142071108916,0.003963470458984375,0.0003054827770218,gini,20,2,10,"{'criterion': 'gini', 'max_depth': 20, 'min_samples_split': 2, 'n_estimators': 10}",0.8583815028901735,0.9335260115606936,0.8728323699421965,0.6318840579710145,0.9159420289855073,0.8425131942699171,0.10882170313759074,77
1,1.4449903964996338,0.04045348916083228,0.09900903701782227,0.0022260864118589544,gini,20,2,500,"{'criterion': 'gini', 'max_depth': 20, 'min_samples_split': 2, 'n_estimators': 500}",0.8959537572254336,0.9566473988439307,0.8265895953757225,0.8028985507246377,0.9826086956521739,0.8929395995643796,0.0701684105002343,29
2,0.28779754638671873,0.004532191046436066,0.02212810516357422,0.0010359874649427216,gini,20,2,100,"{'criterion': 'gini', 'max_depth': 20, 'min_samples_split': 2, 'n_estimators': 100}",0.9075144508670521,0.9624277456647399,0.8410404624277457,0.7739130434782608,0.9826086956521739,0.8935008796179945,0.07738325638653144,26
3,5.687344169616699,0.1401827581987987,0.38611774444580077,0.01907310132079169,gini,20,2,2000,"{'criterion': 'gini', 'max_depth': 20, 'min_samples_split': 2, 'n_estimators': 2000}",0.8988439306358381,0.9682080924855492,0.838150289017341,0.7971014492753623,0.9768115942028985,0.8958230711233977,0.07054072043373397,25
4,0.0290008544921875,0.00031161439993126886,0.003612518310546875,6.819788316772637e-05,gini,20,100,10,"{'criterion': 'gini', 'max_depth': 20, 'min_samples_split': 100, 'n_estimators': 10}",0.8005780346820809,0.7716763005780347,0.8121387283236994,0.7130434782608696,0.8231884057971014,0.7841249895283571,0.039468908896398876,156
5,1.2459580898284912,0.012358626890420337,0.08616089820861816,0.0012111960711557392,gini,20,100,500,"{'criterion': 'gini', 'max_depth': 20, 'min_samples_split': 100, 'n_estimators': 500}",0.7543352601156069,0.7745664739884393,0.7716763005780347,0.7043478260869566,0.8202898550724638,0.7650431431683002,0.037377726143864816,188
6,0.25644803047180176,0.005407818941906971,0.018990182876586915,0.000670576226123818,gini,20,100,100,"{'criterion': 'gini', 'max_depth': 20, 'min_samples_split': 100, 'n_estimators': 100}",0.7716763005780347,0.7976878612716763,0.7658959537572254,0.7304347826086957,0.8173913043478261,0.7766172405126917,0.029592815465872,162
7,4.967633390426636,0.034723715018109,0.348095178604126,0.012794489259333443,gini,20,100,2000,"{'criterion': 'gini', 'max_depth': 20, 'min_samples_split': 100, 'n_estimators': 2000}",0.7716763005780347,0.7658959537572254,0.7832369942196532,0.6898550724637681,0.8231884057971014,0.7667705453631565,0.04334729571710265,182
8,0.029634428024291993,0.001266882526012587,0.003490638732910156,7.362007468406521e-05,gini,20,20,10,"{'criterion': 'gini', 'max_depth': 20, 'min_samples_split': 20, 'n_estimators': 10}",0.8265895953757225,0.9393063583815029,0.8294797687861272,0.6753623188405797,0.9188405797101449,0.8379157242188155,0.09322226029323484,87
9,1.3021875858306884,0.018561909938071865,0.10159835815429688,0.015447249528135875,gini,20,20,500,"{'criterion': 'gini', 'max_depth': 20, 'min_samples_split': 20, 'n_estimators': 500}",0.8410404624277457,0.8901734104046243,0.8092485549132948,0.7246376811594203,0.936231884057971,0.8402663985926111,0.07215648318091268,81
10,0.26416869163513185,0.006179826188580221,0.019360733032226563,0.00018920820326413155,gini,20,20,100,"{'criterion': 'gini', 'max_depth': 20, 'min_samples_split': 20, 'n_estimators': 100}",0.8236994219653179,0.9075144508670521,0.7774566473988439,0.7014492753623188,0.9159420289855073,0.825212364915808,0.08075358218913009,97
11,5.204529666900635,0.019589896055378375,0.3681629657745361,0.013005220718310367,gini,20,20,2000,"{'criterion': 'gini', 'max_depth': 20, 'min_samples_split': 20, 'n_estimators': 2000}",0.838150289017341,0.8959537572254336,0.791907514450867,0.736231884057971,0.936231884057971,0.8396950657619167,0.07137935838281688,82
12,0.02927684783935547,0.000297969317329272,0.003742361068725586,4.580084821621426e-05,gini,20,50,10,"{'criterion': 'gini', 'max_depth': 20, 'min_samples_split': 50, 'n_estimators': 10}",0.8063583815028902,0.8294797687861272,0.838150289017341,0.8028985507246377,0.8985507246376812,0.8350875429337353,0.03443805718215875,89
13,1.2817530632019043,0.015567224053351779,0.08842568397521973,0.0023474380993591436,gini,20,50,500,"{'criterion': 'gini', 'max_depth': 20, 'min_samples_split': 50, 'n_estimators': 500}",0.8208092485549133,0.8728323699421965,0.8092485549132948,0.7072463768115942,0.8579710144927536,0.8136215129429505,0.05806764979990552,106
14,0.25736846923828127,0.004539887485991058,0.02025609016418457,0.0015512929819991377,gini,20,50,100,"{'criterion': 'gini', 'max_depth': 20, 'min_samples_split': 50, 'n_estimators': 100}",0.8005780346820809,0.8641618497109826,0.8179190751445087,0.7275362318840579,0.8927536231884058,0.8205897629220071,0.05687303571056928,101
15,5.0527918338775635,0.04015848127649192,0.35764060020446775,0.015927009101493222,gini,20,50,2000,"{'criterion': 'gini', 'max_depth': 20, 'min_samples_split': 50, 'n_estimators': 2000}",0.8179190751445087,0.869942196531792,0.7890173410404624,0.7101449275362319,0.881159420289855,0.81363659210857,0.06174888701041445,105
16,0.02789139747619629,8.244968123831116e-05,0.0033043384552001952,2.5078914770461077e-05,gini,20,100,10,"{'criterion': 'gini', 'max_depth': 20, 'min_samples_split': 100, 'n_estimators': 10}",0.7658959537572254,0.7601156069364162,0.7456647398843931,0.7478260869565218,0.8231884057971014,0.7685381586663316,0.028343441347744847,172
17,1.2607866287231446,0.023532107692332913,0.08676729202270508,0.00206064515927633,gini,20,100,500,"{'criterion': 'gini', 'max_depth': 20, 'min_samples_split': 100, 'n_estimators': 500}",0.7630057803468208,0.7803468208092486,0.7832369942196532,0.7043478260869566,0.8231884057971014,0.7708251654519561,0.03864454369252371,166
18,0.25051064491271974,0.004397182725895253,0.018415451049804688,0.0002480512213490445,gini,20,100,100,"{'criterion': 'gini', 'max_depth': 20, 'min_samples_split': 100, 'n_estimators': 100}",0.7601156069364162,0.7774566473988439,0.7803468208092486,0.7072463768115942,0.8318840579710145,0.7714099019854235,0.04004516014130698,165
19,4.9522863864898685,0.028544949418056905,0.33979039192199706,0.006620357791639497,gini,20,100,2000,"{'criterion': 'gini', 'max_depth': 20, 'min_samples_split': 100, 'n_estimators': 2000}",0.7658959537572254,0.7658959537572254,0.7774566473988439,0.7014492753623188,0.8231884057971014,0.766777247214543,0.03889875489926076,181
20,0.031039619445800783,0.0002964145195638262,0.003508853912353516,7.065198195043859e-05,gini,30,2,10,"{'criterion': 'gini', 'max_depth': 30, 'min_samples_split': 2, 'n_estimators': 10}",0.9017341040462428,0.9508670520231214,0.7456647398843931,0.6115942028985507,0.9217391304347826,0.826319845857418,0.1287761659894624,95
21,1.3992177963256835,0.015812724911345208,0.0967674732208252,0.0016224254177392879,gini,30,2,500,"{'criterion': 'gini', 'max_depth': 30, 'min_samples_split': 2, 'n_estimators': 500}",0.8930635838150289,0.9710982658959537,0.8554913294797688,0.8,0.9768115942028985,0.8992929546787298,0.06779619528106345,19
22,0.28517961502075195,0.006498754644381646,0.02076578140258789,0.00045903741432283226,gini,30,2,100,"{'criterion': 'gini', 'max_depth': 30, 'min_samples_split': 2, 'n_estimators': 100}",0.8988439306358381,0.9479768786127167,0.8583815028901735,0.7130434782608696,0.9826086956521739,0.8801708972103544,0.0936442071998162,48
23,5.576267433166504,0.020107959965638484,0.3848697662353516,0.008538887959976128,gini,30,2,2000,"{'criterion': 'gini', 'max_depth': 30, 'min_samples_split': 2, 'n_estimators': 2000}",0.8959537572254336,0.9710982658959537,0.8410404624277457,0.782608695652174,0.991304347826087,0.8964011058054787,0.07823043478857925,24
24,0.027495956420898436,0.0003065739802988028,0.003278160095214844,5.941276181797125e-05,gini,30,100,10,"{'criterion': 'gini', 'max_depth': 30, 'min_samples_split': 100, 'n_estimators': 10}",0.7947976878612717,0.815028901734104,0.7225433526011561,0.5710144927536231,0.7884057971014493,0.7383580464103209,0.08924415949871838,199
25,1.2475552558898926,0.021616353992705534,0.08681378364562989,0.0028538392901020513,gini,30,100,500,"{'criterion': 'gini', 'max_depth': 30, 'min_samples_split': 100, 'n_estimators': 500}",0.7658959537572254,0.7658959537572254,0.7832369942196532,0.7014492753623188,0.8231884057971014,0.7679333165787049,0.039282965429982074,175
26,0.2572967529296875,0.0032726235976891197,0.019446897506713866,0.0007837173072664042,gini,30,100,100,"{'criterion': 'gini', 'max_depth': 30, 'min_samples_split': 100, 'n_estimators': 100}",0.7572254335260116,0.7803468208092486,0.7745664739884393,0.7072463768115942,0.8115942028985508,0.7661958616067688,0.03431278632698923,183
27,4.980508279800415,0.03554983946291924,0.3472000598907471,0.009413603639294587,gini,30,100,2000,"{'criterion': 'gini', 'max_depth': 30, 'min_samples_split': 100, 'n_estimators': 2000}",0.7572254335260116,0.7658959537572254,0.7861271676300579,0.7043478260869566,0.8231884057971014,0.7673569573594705,0.038844315822721125,177
28,0.029005718231201173,0.0005949601459652487,0.0035048007965087892,5.4251496747595734e-05,gini,30,20,10,"{'criterion': 'gini', 'max_depth': 30, 'min_samples_split': 20, 'n_estimators': 10}",0.8439306358381503,0.9132947976878613,0.7716763005780347,0.7594202898550725,0.8405797101449275,0.8257803468208091,0.05574609984045528,96
29,1.3032106399536132,0.010760792840504574,0.0929534912109375,0.006190179031514415,gini,30,20,500,"{'criterion': 'gini', 'max_depth': 30, 'min_samples_split': 20, 'n_estimators': 500}",0.838150289017341,0.8930635838150289,0.791907514450867,0.7333333333333333,0.9333333333333333,0.8379576107899807,0.07099307662690837,86
30,0.26662187576293944,0.005350089658339844,0.019675779342651366,0.0007682608365982885,gini,30,20,100,"{'criterion': 'gini', 'max_depth': 30, 'min_samples_split': 20, 'n_estimators': 100}",0.8208092485549133,0.9104046242774566,0.8121387283236994,0.7391304347826086,0.9333333333333333,0.8431632738544023,0.07062166142334024,74
31,5.2360114574432375,0.012621725856074061,0.36229615211486815,0.013320646161094428,gini,30,20,2000,"{'criterion': 'gini', 'max_depth': 30, 'min_samples_split': 20, 'n_estimators': 2000}",0.8497109826589595,0.8901734104046243,0.8063583815028902,0.7217391304347827,0.9420289855072463,0.8420021781017006,0.0749919147097114,78
32,0.030089044570922853,0.0019420462280595513,0.003652477264404297,0.00025744113595057194,gini,30,50,10,"{'criterion': 'gini', 'max_depth': 30, 'min_samples_split': 50, 'n_estimators': 10}",0.8092485549132948,0.838150289017341,0.8005780346820809,0.4811594202898551,0.8405797101449275,0.7539432018094999,0.13728889196998414,197
33,1.2772242546081543,0.02164209937555539,0.0878720760345459,0.002528691023742431,gini,30,50,500,"{'criterion': 'gini', 'max_depth': 30, 'min_samples_split': 50, 'n_estimators': 500}",0.7976878612716763,0.8728323699421965,0.7803468208092486,0.6898550724637681,0.8724637681159421,0.8026371785205664,0.06788855094635013,121
34,0.25418744087219236,0.0012593664714149184,0.019846343994140626,0.0022829714072071096,gini,30,50,100,"{'criterion': 'gini', 'max_depth': 30, 'min_samples_split': 50, 'n_estimators': 100}",0.8063583815028902,0.8554913294797688,0.815028901734104,0.7333333333333333,0.8956521739130435,0.821172823992628,0.0542179398164915,99
35,5.058383750915527,0.008757950454921387,0.35741591453552246,0.018067528506041444,gini,30,50,2000,"{'criterion': 'gini', 'max_depth': 30, 'min_samples_split': 50, 'n_estimators': 2000}",0.815028901734104,0.8670520231213873,0.7861271676300579,0.7014492753623188,0.8753623188405797,0.8090039373376896,0.06308829869271318,115
36,0.028849315643310548,0.00030398723749819003,0.0036249160766601562,9.679853035133267e-05,gini,30,100,10,"{'criterion': 'gini', 'max_depth': 30, 'min_samples_split': 100, 'n_estimators': 10}",0.7630057803468208,0.8179190751445087,0.7341040462427746,0.7855072463768116,0.8028985507246377,0.7806869397671107,0.029615577959736974,159
37,1.2491163253784179,0.006708954449288578,0.08570528030395508,0.0011616226575785244,gini,30,100,500,"{'criterion': 'gini', 'max_depth': 30, 'min_samples_split': 100, 'n_estimators': 500}",0.7745664739884393,0.7658959537572254,0.7745664739884393,0.6956521739130435,0.8202898550724638,0.7661941861439223,0.04010684788528561,184
38,0.253509521484375,0.002230027172769465,0.019114303588867187,0.0011431383328564609,gini,30,100,100,"{'criterion': 'gini', 'max_depth': 30, 'min_samples_split': 100, 'n_estimators': 100}",0.7716763005780347,0.7658959537572254,0.7572254335260116,0.7130434782608696,0.8144927536231884,0.764466783949066,0.032414227808329206,190
39,4.9618692874908445,0.01657860318799852,0.3526635646820068,0.012139820348670451,gini,30,100,2000,"{'criterion': 'gini', 'max_depth': 30, 'min_samples_split': 100, 'n_estimators': 2000}",0.7716763005780347,0.7658959537572254,0.7832369942196532,0.6956521739130435,0.8202898550724638,0.7673502555080841,0.04053747459540477,178
40,0.032423973083496094,0.001618768060053762,0.0035854339599609374,0.00011454960509772254,gini,40,2,10,"{'criterion': 'gini', 'max_depth': 40, 'min_samples_split': 2, 'n_estimators': 10}",0.9190751445086706,0.9479768786127167,0.7976878612716763,0.7072463768115942,0.8927536231884058,0.8529479768786127,0.08862327073707615,67
41,1.401063585281372,0.014217728230987629,0.09741935729980469,0.002983981610610552,gini,40,2,500,"{'criterion': 'gini', 'max_depth': 40, 'min_samples_split': 2, 'n_estimators': 500}",0.8959537572254336,0.9682080924855492,0.8323699421965318,0.7971014492753623,0.9884057971014493,0.8964078076568652,0.0742720918687921,23
42,0.2832198619842529,0.006469597622943387,0.02064051628112793,0.000454706013564415,gini,40,2,100,"{'criterion': 'gini', 'max_depth': 40, 'min_samples_split': 2, 'n_estimators': 100}",0.8988439306358381,0.9710982658959537,0.8063583815028902,0.7913043478260869,0.9217391304347826,0.8778688112591102,0.06879453414726074,50
43,5.579796981811524,0.020772167380281856,0.39691987037658694,0.013652685392038616,gini,40,2,2000,"{'criterion': 'gini', 'max_depth': 40, 'min_samples_split': 2, 'n_estimators': 2000}",0.8959537572254336,0.9710982658959537,0.8439306358381503,0.808695652173913,0.9710144927536232,0.8981385607774147,0.06569220109666163,22
44,0.03027653694152832,0.005547610444605185,0.004503011703491211,0.0023316937571889276,gini,40,100,10,"{'criterion': 'gini', 'max_depth': 40, 'min_samples_split': 100, 'n_estimators': 10}",0.7572254335260116,0.8323699421965318,0.7745664739884393,0.5681159420289855,0.8057971014492754,0.7476149786378488,0.09338866242856032,198
45,1.2360632419586182,0.009568944927810288,0.08731818199157715,0.003075896374489001,gini,40,100,500,"{'criterion': 'gini', 'max_depth': 40, 'min_samples_split': 100, 'n_estimators': 500}",0.7630057803468208,0.7745664739884393,0.7890173410404624,0.7043478260869566,0.8144927536231884,0.7690860350171734,0.036652605522735617,170
46,0.25168933868408205,0.005005473548710367,0.018578338623046874,0.0002636154197702189,gini,40,100,100,"{'criterion': 'gini', 'max_depth': 40, 'min_samples_split': 100, 'n_estimators': 100}",0.7658959537572254,0.7861271676300579,0.7687861271676301,0.6927536231884058,0.8144927536231884,0.7656111250733015,0.0403204636840042,186
47,4.973298120498657,0.027456035273523357,0.33841867446899415,0.0024660626888141964,gini,40,100,2000,"{'criterion': 'gini', 'max_depth': 40, 'min_samples_split': 100, 'n_estimators': 2000}",0.7716763005780347,0.7658959537572254,0.7861271676300579,0.6956521739130435,0.8231884057971014,0.7685080003350926,0.04153363493616176,174
48,0.030284976959228514,0.00159814225852082,0.0035226821899414064,7.579842223215684e-05,gini,40,20,10,"{'criterion': 'gini', 'max_depth': 40, 'min_samples_split': 20, 'n_estimators': 10}",0.861271676300578,0.8988439306358381,0.7861271676300579,0.6695652173913044,0.8898550724637682,0.8211326128843094,0.08552312709816688,100
49,1.2920034408569336,0.008027299794547213,0.08955354690551758,0.0019316342244340386,gini,40,20,500,"{'criterion': 'gini', 'max_depth': 40, 'min_samples_split': 20, 'n_estimators': 500}",0.8497109826589595,0.9075144508670521,0.8034682080924855,0.7043478260869566,0.9333333333333333,0.8396749602077573,0.08136236381051024,84
50,0.2628380298614502,0.004814058070526443,0.019420051574707033,0.00015523057066529517,gini,40,20,100,"{'criterion': 'gini', 'max_depth': 40, 'min_samples_split': 20, 'n_estimators': 100}",0.8583815028901735,0.9075144508670521,0.791907514450867,0.744927536231884,0.9420289855072463,0.8489519979894447,0.0724664940524062,71
51,5.174181318283081,0.05981531193520988,0.36327714920043946,0.0013867965701801477,gini,40,20,2000,"{'criterion': 'gini', 'max_depth': 40, 'min_samples_split': 20, 'n_estimators': 2000}",0.838150289017341,0.8988439306358381,0.8121387283236994,0.7246376811594203,0.936231884057971,0.842000502638854,0.07320015044574343,79
52,0.029445791244506837,0.0015349795672933491,0.003421592712402344,5.451343706727203e-05,gini,40,50,10,"{'criterion': 'gini', 'max_depth': 40, 'min_samples_split': 50, 'n_estimators': 10}",0.8352601156069365,0.8554913294797688,0.7803468208092486,0.7072463768115942,0.8869565217391304,0.8130602328893357,0.06327816957573405,107
53,1.2726449489593505,0.013066766251352663,0.08992943763732911,0.004771209241046235,gini,40,50,500,"{'criterion': 'gini', 'max_depth': 40, 'min_samples_split': 50, 'n_estimators': 500}",0.815028901734104,0.8583815028901735,0.7832369942196532,0.7043478260869566,0.8898550724637682,0.8101700594789311,0.06422053877471876,110
54,0.2613409996032715,0.008923663929202488,0.019025087356567383,0.00034132139014343644,gini,40,50,100,"{'criterion': 'gini', 'max_depth': 40, 'min_samples_split': 50, 'n_estimators': 100}",0.8179190751445087,0.861271676300578,0.8092485549132948,0.7478260869565218,0.8724637681159421,0.8217458322861692,0.04420306804157394,98
55,5.069973373413086,0.022536282504155767,0.35452852249145506,0.01135168102521845,gini,40,50,2000,"{'criterion': 'gini', 'max_depth': 40, 'min_samples_split': 50, 'n_estimators': 2000}",0.8208092485549133,0.861271676300578,0.7745664739884393,0.6956521739130435,0.8840579710144928,0.8072715087542933,0.06711772417150617,118
56,0.029789161682128907,0.004493006753799355,0.0033633232116699217,4.219143989000709e-05,gini,40,100,10,"{'criterion': 'gini', 'max_depth': 40, 'min_samples_split': 100, 'n_estimators': 10}",0.8005780346820809,0.8179190751445087,0.8179190751445087,0.5507246376811594,0.8579710144927536,0.7690223674290022,0.1107639804396288,171
57,1.266522216796875,0.018720928609337596,0.09049048423767089,0.002945987999416611,gini,40,100,500,"{'criterion': 'gini', 'max_depth': 40, 'min_samples_split': 100, 'n_estimators': 500}",0.7543352601156069,0.7687861271676301,0.7774566473988439,0.7014492753623188,0.8231884057971014,0.7650431431683002,0.039262744083082175,188
58,0.2562979221343994,0.005811916309559871,0.01942553520202637,0.0007982243716781319,gini,40,100,100,"{'criterion': 'gini', 'max_depth': 40, 'min_samples_split': 100, 'n_estimators': 100}",0.7745664739884393,0.7745664739884393,0.7485549132947977,0.6956521739130435,0.8144927536231884,0.7615665577615816,0.03912336064822196,194
59,4.97534670829773,0.03671820224733526,0.3397079944610596,0.005633902491981103,gini,40,100,2000,"{'criterion': 'gini', 'max_depth': 40, 'min_samples_split': 100, 'n_estimators': 2000}",0.7716763005780347,0.7658959537572254,0.7832369942196532,0.7043478260869566,0.8231884057971014,0.7696690960877942,0.03829761913986808,169
60,0.03112311363220215,0.00040683995039117574,0.003600597381591797,6.392641917659091e-05,gini,50,2,10,"{'criterion': 'gini', 'max_depth': 50, 'min_samples_split': 2, 'n_estimators': 10}",0.8497109826589595,0.9797687861271677,0.8410404624277457,0.7014492753623188,0.8521739130434782,0.8448286839239341,0.08815738861372714,73
61,1.4282505512237549,0.012629309208837008,0.0980076789855957,0.005518641752752821,gini,50,2,500,"{'criterion': 'gini', 'max_depth': 50, 'min_samples_split': 2, 'n_estimators': 500}",0.8959537572254336,0.9682080924855492,0.8352601156069365,0.7884057971014493,0.9652173913043478,0.8906090307447432,0.07088806856400677,34
62,0.28461399078369143,0.005697576381718565,0.02067289352416992,0.0005168940000367029,gini,50,2,100,"{'criterion': 'gini', 'max_depth': 50, 'min_samples_split': 2, 'n_estimators': 100}",0.9017341040462428,0.9508670520231214,0.8208092485549133,0.7971014492753623,0.936231884057971,0.881348747591522,0.06168168981861792,46
63,5.594126558303833,0.017466180618595683,0.40148105621337893,0.011266326661309155,gini,50,2,2000,"{'criterion': 'gini', 'max_depth': 50, 'min_samples_split': 2, 'n_estimators': 2000}",0.8988439306358381,0.9710982658959537,0.8410404624277457,0.7913043478260869,0.991304347826087,0.8987182709223422,0.07573049790782754,21
64,0.0288482666015625,0.0003143598502242214,0.0036893367767333986,9.242408077808403e-05,gini,50,100,10,"{'criterion': 'gini', 'max_depth': 50, 'min_samples_split': 100, 'n_estimators': 10}",0.7312138728323699,0.7687861271676301,0.8121387283236994,0.6695652173913044,0.8231884057971014,0.7609784703024209,0.056197369424425665,195
65,1.234314775466919,0.007662001716071313,0.0883216381072998,0.003609837931291661,gini,50,100,500,"{'criterion': 'gini', 'max_depth': 50, 'min_samples_split': 100, 'n_estimators': 500}",0.7745664739884393,0.7716763005780347,0.7947976878612717,0.6956521739130435,0.8231884057971014,0.7719762084275781,0.04236901402659114,164
66,0.2517153263092041,0.004911429047811944,0.018201923370361327,0.00028186483719580465,gini,50,100,100,"{'criterion': 'gini', 'max_depth': 50, 'min_samples_split': 100, 'n_estimators': 100}",0.7716763005780347,0.7745664739884393,0.7572254335260116,0.7246376811594203,0.8057971014492754,0.7667805981402362,0.026359825181530464,180
67,4.995360612869263,0.007720933664622314,0.343118953704834,0.00561217848837321,gini,50,100,2000,"{'criterion': 'gini', 'max_depth': 50, 'min_samples_split': 100, 'n_estimators': 2000}",0.7658959537572254,0.7658959537572254,0.7832369942196532,0.6898550724637681,0.8231884057971014,0.7656144759989947,0.04327806886704817,185
68,0.02883009910583496,0.00028666410915913036,0.003455448150634766,0.0001006101996681707,gini,50,20,10,"{'criterion': 'gini', 'max_depth': 50, 'min_samples_split': 20, 'n_estimators': 10}",0.7687861271676301,0.8786127167630058,0.8265895953757225,0.7768115942028986,0.9072463768115943,0.8316092820641703,0.05459858169561681,91
69,1.3051902294158935,0.012809578258990753,0.09613509178161621,0.009547507015230269,gini,50,20,500,"{'criterion': 'gini', 'max_depth': 50, 'min_samples_split': 20, 'n_estimators': 500}",0.838150289017341,0.9017341040462428,0.8092485549132948,0.7507246376811594,0.9449275362318841,0.8489570243779845,0.06832116678796832,70
70,0.2635933876037598,0.005666737678032032,0.01939997673034668,0.0003274452465820296,gini,50,20,100,"{'criterion': 'gini', 'max_depth': 50, 'min_samples_split': 20, 'n_estimators': 100}",0.8294797687861272,0.9046242774566474,0.7716763005780347,0.6608695652173913,0.8956521739130435,0.8124604171902486,0.0898307680299668,108
71,5.167654514312744,0.04877768091392995,0.3628204822540283,0.014169270539728997,gini,50,20,2000,"{'criterion': 'gini', 'max_depth': 50, 'min_samples_split': 20, 'n_estimators': 2000}",0.838150289017341,0.8930635838150289,0.8005780346820809,0.7333333333333333,0.927536231884058,0.8385322945463685,0.0684146995627189,85
72,0.028100919723510743,0.0005334071984099989,0.0033878803253173826,5.568743522747862e-05,gini,50,50,10,"{'criterion': 'gini', 'max_depth': 50, 'min_samples_split': 50, 'n_estimators': 10}",0.815028901734104,0.8236994219653179,0.6647398843930635,0.7768115942028986,0.863768115942029,0.7888095836474825,0.06791285157658897,151
73,1.26318416595459,0.006615943589595721,0.09043736457824707,0.0037143097934257607,gini,50,50,500,"{'criterion': 'gini', 'max_depth': 50, 'min_samples_split': 50, 'n_estimators': 500}",0.815028901734104,0.8641618497109826,0.7774566473988439,0.6927536231884058,0.8985507246376812,0.8095903493340035,0.0715611210871567,112
74,0.25640344619750977,0.003325959933636622,0.019069576263427736,0.0008038965194381399,gini,50,50,100,"{'criterion': 'gini', 'max_depth': 50, 'min_samples_split': 50, 'n_estimators': 100}",0.8092485549132948,0.8786127167630058,0.8005780346820809,0.7275362318840579,0.8724637681159421,0.8176878612716763,0.055142583048366896,102
75,5.077109622955322,0.06725822642645778,0.3455103874206543,0.0038137964514235794,gini,50,50,2000,"{'criterion': 'gini', 'max_depth': 50, 'min_samples_split': 50, 'n_estimators': 2000}",0.8208092485549133,0.861271676300578,0.7861271676300579,0.6985507246376812,0.881159420289855,0.809583647482617,0.0644969365133524,113
76,0.030654096603393556,0.005600471952476571,0.0033783912658691406,0.00010014976676585166,gini,50,100,10,"{'criterion': 'gini', 'max_depth': 50, 'min_samples_split': 100, 'n_estimators': 10}",0.7745664739884393,0.7861271676300579,0.8236994219653179,0.7536231884057971,0.8115942028985508,0.7899220909776326,0.025212676446648114,150
77,1.255797815322876,0.02023297350340257,0.0893122673034668,0.004982022430789977,gini,50,100,500,"{'criterion': 'gini', 'max_depth': 50, 'min_samples_split': 100, 'n_estimators': 500}",0.7543352601156069,0.7630057803468208,0.7832369942196532,0.7014492753623188,0.8115942028985508,0.7627243025885901,0.03642560061050129,193
78,0.24953699111938477,0.0009032567714118247,0.018524551391601564,0.0006792687765725305,gini,50,100,100,"{'criterion': 'gini', 'max_depth': 50, 'min_samples_split': 100, 'n_estimators': 100}",0.7601156069364162,0.7658959537572254,0.8092485549132948,0.7101449275362319,0.808695652173913,0.7708201390634162,0.03669227041481859,167
79,4.966587066650391,0.0293488513553932,0.33904209136962893,0.007446859563663615,gini,50,100,2000,"{'criterion': 'gini', 'max_depth': 50, 'min_samples_split': 100, 'n_estimators': 2000}",0.7716763005780347,0.7658959537572254,0.7861271676300579,0.7043478260869566,0.8231884057971014,0.7702471307698752,0.03851921026609261,168
80,0.030974864959716797,0.0005014080688747739,0.0036207199096679687,0.00014529656215181422,gini,,2,10,"{'criterion': 'gini', 'max_depth': None, 'min_samples_split': 2, 'n_estimators': 10}",0.8294797687861272,0.9393063583815029,0.8583815028901735,0.7072463768115942,0.8173913043478261,0.8303610622434447,0.07480700463413627,92
81,1.4186344146728516,0.028759224461960796,0.0966264247894287,0.0031199202251559906,gini,,2,500,"{'criterion': 'gini', 'max_depth': None, 'min_samples_split': 2, 'n_estimators': 500}",0.8959537572254336,0.9710982658959537,0.8121387283236994,0.7797101449275362,0.9652173913043478,0.8848236575353943,0.07792597649495699,42
82,0.2888969421386719,0.008663183015801025,0.020554733276367188,0.0006794256110035109,gini,,2,100,"{'criterion': 'gini', 'max_depth': None, 'min_samples_split': 2, 'n_estimators': 100}",0.8959537572254336,0.9595375722543352,0.869942196531792,0.8173913043478261,0.9681159420289855,0.9021881544776745,0.05639965282805048,18
83,5.577477312088012,0.013577968673236197,0.37766337394714355,0.008862849293584003,gini,,2,2000,"{'criterion': 'gini', 'max_depth': None, 'min_samples_split': 2, 'n_estimators': 2000}",0.8959537572254336,0.9682080924855492,0.8208092485549133,0.7913043478260869,0.9884057971014493,0.8929362486386865,0.0778726369422894,30
84,0.028614568710327148,0.0012327059473248372,0.0033679485321044924,0.0001245839078277196,gini,,100,10,"{'criterion': 'gini', 'max_depth': None, 'min_samples_split': 100, 'n_estimators': 10}",0.7976878612716763,0.7601156069364162,0.7283236994219653,0.7275362318840579,0.7681159420289855,0.7563558683086202,0.026370978544186754,196
85,1.2505006313323974,0.012504370888353104,0.08625679016113282,0.0010741026988218766,gini,,100,500,"{'criterion': 'gini', 'max_depth': None, 'min_samples_split': 100, 'n_estimators': 500}",0.7658959537572254,0.7658959537572254,0.7832369942196532,0.6898550724637681,0.8144927536231884,0.7638753455642121,0.0410467099340966,192
86,0.25874152183532717,0.004441147439925531,0.01952352523803711,0.0008169008752544616,gini,,100,100,"{'criterion': 'gini', 'max_depth': None, 'min_samples_split': 100, 'n_estimators': 100}",0.7601156069364162,0.8005780346820809,0.7947976878612717,0.6985507246376812,0.8318840579710145,0.7771852224176928,0.04544038122489903,161
87,5.002304267883301,0.05483130624924089,0.3469886779785156,0.012630345260252633,gini,,100,2000,"{'criterion': 'gini', 'max_depth': None, 'min_samples_split': 100, 'n_estimators': 2000}",0.7630057803468208,0.7687861271676301,0.7832369942196532,0.7014492753623188,0.8231884057971014,0.7679333165787049,0.03932547029483628,175
88,0.02915215492248535,0.0008218181004609355,0.0035111427307128905,9.698724792536471e-05,gini,,20,10,"{'criterion': 'gini', 'max_depth': None, 'min_samples_split': 20, 'n_estimators': 10}",0.8236994219653179,0.8728323699421965,0.7427745664739884,0.7797101449275362,0.8579710144927536,0.8153975035603584,0.04843112246448867,103
89,1.298934555053711,0.010929326365647762,0.09125394821166992,0.0018684769546593034,gini,,20,500,"{'criterion': 'gini', 'max_depth': None, 'min_samples_split': 20, 'n_estimators': 500}",0.8497109826589595,0.8930635838150289,0.7976878612716763,0.7072463768115942,0.9217391304347826,0.8338895869984084,0.07591902050724267,90
90,0.2594902992248535,0.005106968753521461,0.02010483741760254,0.0016957957459929906,gini,,20,100,"{'criterion': 'gini', 'max_depth': None, 'min_samples_split': 20, 'n_estimators': 100}",0.8410404624277457,0.9017341040462428,0.8236994219653179,0.7014492753623188,0.9130434782608695,0.8361933484124989,0.07554745666301439,88
91,5.185232877731323,0.0467856214415417,0.3575394630432129,0.012458433548888972,gini,,20,2000,"{'criterion': 'gini', 'max_depth': None, 'min_samples_split': 20, 'n_estimators': 2000}",0.8497109826589595,0.8959537572254336,0.8005780346820809,0.7246376811594203,0.9420289855072463,0.842581888246628,0.0754509976590047,75
92,0.02899489402770996,0.001175877846841066,0.0034724712371826173,6.136796042035553e-05,gini,,50,10,"{'criterion': 'gini', 'max_depth': None, 'min_samples_split': 50, 'n_estimators': 10}",0.8092485549132948,0.8815028901734104,0.7196531791907514,0.7188405797101449,0.8347826086956521,0.7928055625366508,0.06437662651327221,142
93,1.2858479022979736,0.03989204572941571,0.08767032623291016,0.001548019215986152,gini,,50,500,"{'criterion': 'gini', 'max_depth': None, 'min_samples_split': 50, 'n_estimators': 500}",0.8265895953757225,0.8728323699421965,0.7947976878612717,0.6956521739130435,0.881159420289855,0.814206249476418,0.06708927997103312,104
94,0.26101136207580566,0.005517027909689218,0.018761444091796874,0.00030967963008096856,gini,,50,100,"{'criterion': 'gini', 'max_depth': None, 'min_samples_split': 50, 'n_estimators': 100}",0.7976878612716763,0.869942196531792,0.7745664739884393,0.7304347826086957,0.8666666666666667,0.8078595962134539,0.05388695340900753,117
95,6.34400749206543,0.8426387615568856,0.44632630348205565,0.11942349950884876,gini,,50,2000,"{'criterion': 'gini', 'max_depth': None, 'min_samples_split': 50, 'n_estimators': 2000}",0.8121387283236994,0.8728323699421965,0.7774566473988439,0.7101449275362319,0.8724637681159421,0.8090072882633826,0.06144815881854438,114
96,0.05008087158203125,0.0032520312249131092,0.004898357391357422,0.0019271539688339807,gini,,100,10,"{'criterion': 'gini', 'max_depth': None, 'min_samples_split': 100, 'n_estimators': 10}",0.7341040462427746,0.846820809248555,0.791907514450867,0.5333333333333333,0.782608695652174,0.7377548797855408,0.10829704229395586,200
97,1.6482693672180175,0.4739779634348201,0.09922251701354981,0.02545371819882469,gini,,100,500,"{'criterion': 'gini', 'max_depth': None, 'min_samples_split': 100, 'n_estimators': 500}",0.7687861271676301,0.7658959537572254,0.7745664739884393,0.6985507246376812,0.8115942028985508,0.7638786964899053,0.03657019072620724,191
98,0.25332202911376955,0.0023353267973819742,0.018298864364624023,0.00020048827984407944,gini,,100,100,"{'criterion': 'gini', 'max_depth': None, 'min_samples_split': 100, 'n_estimators': 100}",0.7774566473988439,0.7745664739884393,0.7716763005780347,0.7072463768115942,0.8057971014492754,0.7673485800452375,0.032445535333248156,179
99,4.953863573074341,0.027199577617369894,0.33984928131103515,0.0019334998004588004,gini,,100,2000,"{'criterion': 'gini', 'max_depth': None, 'min_samples_split': 100, 'n_estimators': 2000}",0.7658959537572254,0.7658959537572254,0.7832369942196532,0.7043478260869566,0.8231884057971014,0.7685130267236324,0.03830682291764555,173
100,0.03263840675354004,0.0005621862694408619,0.0036015033721923826,0.00016555298576119675,entropy,20,2,10,"{'criterion': 'entropy', 'max_depth': 20, 'min_samples_split': 2, 'n_estimators': 10}",0.930635838150289,0.9653179190751445,0.9190751445086706,0.7942028985507247,0.9304347826086956,0.9079333165787048,0.05894652046952652,17
101,1.458837080001831,0.011068186369129594,0.10405402183532715,0.018907806708351127,entropy,20,2,500,"{'criterion': 'entropy', 'max_depth': 20, 'min_samples_split': 2, 'n_estimators': 500}",0.9132947976878613,0.9739884393063584,0.9046242774566474,0.8927536231884058,0.991304347826087,0.935193097093072,0.03967026148736262,3
102,0.3041358470916748,0.010015392351141886,0.02251296043395996,0.0022617623130270974,entropy,20,2,100,"{'criterion': 'entropy', 'max_depth': 20, 'min_samples_split': 2, 'n_estimators': 100}",0.9132947976878613,0.9710982658959537,0.9046242774566474,0.8579710144927536,0.9739130434782609,0.9241802798022954,0.043724690881400415,13
103,5.817643880844116,0.09308288878838043,0.39089164733886717,0.010035568234398457,entropy,20,2,2000,"{'criterion': 'entropy', 'max_depth': 20, 'min_samples_split': 2, 'n_estimators': 2000}",0.9075144508670521,0.9710982658959537,0.9017341040462428,0.9072463768115943,0.991304347826087,0.9357795090893859,0.0376896937040982,2
104,0.02870039939880371,0.0012187996884404112,0.0036230564117431642,0.00020468117125387725,entropy,20,100,10,"{'criterion': 'entropy', 'max_depth': 20, 'min_samples_split': 100, 'n_estimators': 10}",0.7832369942196532,0.7658959537572254,0.8265895953757225,0.7565217391304347,0.7913043478260869,0.7847097260618245,0.02428210066948618,155
105,1.2488842487335206,0.009486254866355334,0.08486247062683105,0.00063506598785264,entropy,20,100,500,"{'criterion': 'entropy', 'max_depth': 20, 'min_samples_split': 100, 'n_estimators': 500}",0.7658959537572254,0.7716763005780347,0.8121387283236994,0.7942028985507247,0.8289855072463768,0.7945798776912122,0.023830837294243686,134
106,0.2541939735412598,0.002647268298200785,0.01981940269470215,0.0021384731222501975,entropy,20,100,100,"{'criterion': 'entropy', 'max_depth': 20, 'min_samples_split': 100, 'n_estimators': 100}",0.7832369942196532,0.815028901734104,0.7861271676300579,0.7797101449275362,0.8376811594202899,0.8003568735863282,0.022495479227727513,123
107,4.996487188339233,0.012472898657603412,0.3414166450500488,0.012942292557794565,entropy,20,100,2000,"{'criterion': 'entropy', 'max_depth': 20, 'min_samples_split': 100, 'n_estimators': 2000}",0.7658959537572254,0.7861271676300579,0.8179190751445087,0.782608695652174,0.8231884057971014,0.7951478595962134,0.021904693560823172,131
108,0.031293487548828124,0.003694830308659727,0.0035862445831298826,0.00010712583735875856,entropy,20,20,10,"{'criterion': 'entropy', 'max_depth': 20, 'min_samples_split': 20, 'n_estimators': 10}",0.8641618497109826,0.953757225433526,0.8641618497109826,0.8028985507246377,0.8956521739130435,0.8761263298986345,0.04910482611943829,52
109,1.3195272445678712,0.006458438102082859,0.10063271522521973,0.012436100860542752,entropy,20,20,500,"{'criterion': 'entropy', 'max_depth': 20, 'min_samples_split': 20, 'n_estimators': 500}",0.8583815028901735,0.9161849710982659,0.8728323699421965,0.8463768115942029,0.9536231884057971,0.8894797687861271,0.039823734279272494,38
110,0.2669977188110352,0.0021790742632849637,0.019385099411010742,0.0002670803190684896,entropy,20,20,100,"{'criterion': 'entropy', 'max_depth': 20, 'min_samples_split': 20, 'n_estimators': 100}",0.8583815028901735,0.9248554913294798,0.8497109826589595,0.8115942028985508,0.9507246376811594,0.8790533634916645,0.0511344227306886,49
111,5.291455364227295,0.03918531700750521,0.36911964416503906,0.02027777772822225,entropy,20,20,2000,"{'criterion': 'entropy', 'max_depth': 20, 'min_samples_split': 20, 'n_estimators': 2000}",0.8641618497109826,0.9132947976878613,0.869942196531792,0.8492753623188406,0.9536231884057971,0.8900594789310545,0.03825953898862493,36
112,0.030265045166015626,0.0013704851696212646,0.0036615848541259764,0.00011347796698730478,entropy,20,50,10,"{'criterion': 'entropy', 'max_depth': 20, 'min_samples_split': 50, 'n_estimators': 10}",0.8265895953757225,0.8179190751445087,0.7976878612716763,0.7275362318840579,0.8463768115942029,0.8032219150540337,0.04094715736630902,120
113,1.2905529022216797,0.011543883521212314,0.08898234367370605,0.0039518918171921715,entropy,20,50,500,"{'criterion': 'entropy', 'max_depth': 20, 'min_samples_split': 50, 'n_estimators': 500}",0.8208092485549133,0.8757225433526011,0.884393063583815,0.808695652173913,0.8927536231884058,0.8564748261707296,0.034701402290121794,62
114,0.26294240951538084,0.008405082170340066,0.019184064865112305,0.000569532341548104,entropy,20,50,100,"{'criterion': 'entropy', 'max_depth': 20, 'min_samples_split': 50, 'n_estimators': 100}",0.8208092485549133,0.869942196531792,0.869942196531792,0.8231884057971014,0.8927536231884058,0.855327134120801,0.02846866510634508,64
115,5.129347658157348,0.02625045791187362,0.35620989799499514,0.014973541797685713,entropy,20,50,2000,"{'criterion': 'entropy', 'max_depth': 20, 'min_samples_split': 50, 'n_estimators': 2000}",0.8236994219653179,0.8757225433526011,0.8757225433526011,0.8202898550724638,0.9043478260869565,0.8599564379659881,0.03272841122068631,56
116,0.029400634765625,0.0025632120017924794,0.003383827209472656,8.732545810967595e-05,entropy,20,100,10,"{'criterion': 'entropy', 'max_depth': 20, 'min_samples_split': 100, 'n_estimators': 10}",0.8352601156069365,0.7630057803468208,0.8352601156069365,0.7768115942028986,0.8376811594202899,0.8096037530367765,0.03271554789297623,111
117,1.271352481842041,0.01473687947259813,0.08581371307373047,0.0016235397708417628,entropy,20,100,500,"{'criterion': 'entropy', 'max_depth': 20, 'min_samples_split': 100, 'n_estimators': 500}",0.7716763005780347,0.7774566473988439,0.8121387283236994,0.7681159420289855,0.8231884057971014,0.7905152048253329,0.022637455861229616,147
118,0.256519079208374,0.006819184860950034,0.018419361114501952,7.074287040869314e-05,entropy,20,100,100,"{'criterion': 'entropy', 'max_depth': 20, 'min_samples_split': 100, 'n_estimators': 100}",0.7716763005780347,0.791907514450867,0.8063583815028902,0.782608695652174,0.8463768115942029,0.7997855407556337,0.025927535337438034,124
119,4.991038656234741,0.027413281756278125,0.35514044761657715,0.0219274884914003,entropy,20,100,2000,"{'criterion': 'entropy', 'max_depth': 20, 'min_samples_split': 100, 'n_estimators': 2000}",0.7658959537572254,0.7687861271676301,0.8092485549132948,0.7681159420289855,0.8231884057971014,0.7870469967328474,0.02424178806616639,154
120,0.03227553367614746,0.0006380077898056031,0.0035604000091552734,2.0887753609735066e-05,entropy,30,2,10,"{'criterion': 'entropy', 'max_depth': 30, 'min_samples_split': 2, 'n_estimators': 10}",0.8901734104046243,0.9710982658959537,0.9046242774566474,0.8028985507246377,0.927536231884058,0.8992661472731843,0.055420487253557846,20
121,1.462179708480835,0.01898901805798902,0.09690351486206054,0.00232637842292858,entropy,30,2,500,"{'criterion': 'entropy', 'max_depth': 30, 'min_samples_split': 2, 'n_estimators': 500}",0.9017341040462428,0.9710982658959537,0.8988439306358381,0.9043478260869565,0.9855072463768116,0.9323062746083606,0.03787142169473669,9
122,0.2973771572113037,0.0032471018505704765,0.020745134353637694,0.0007755697612498773,entropy,30,2,100,"{'criterion': 'entropy', 'max_depth': 30, 'min_samples_split': 2, 'n_estimators': 100}",0.9104046242774566,0.9682080924855492,0.8959537572254336,0.8521739130434782,0.9884057971014493,0.9230292368266733,0.0494533375579108,14
123,5.831040334701538,0.04911547800443763,0.37752509117126465,0.008104990415343953,entropy,30,2,2000,"{'criterion': 'entropy', 'max_depth': 30, 'min_samples_split': 2, 'n_estimators': 2000}",0.9075144508670521,0.9710982658959537,0.9017341040462428,0.8927536231884058,0.991304347826087,0.9328809583647484,0.040243370375775966,8
124,0.027780580520629882,0.0002653719127287729,0.0034264087677001952,0.00011173075071941154,entropy,30,100,10,"{'criterion': 'entropy', 'max_depth': 30, 'min_samples_split': 100, 'n_estimators': 10}",0.7398843930635838,0.7745664739884393,0.8092485549132948,0.7971014492753623,0.7971014492753623,0.7835804641032086,0.024556398791252487,158
125,1.2585085868835448,0.017525226657705714,0.0869823932647705,0.003007634118255816,entropy,30,100,500,"{'criterion': 'entropy', 'max_depth': 30, 'min_samples_split': 100, 'n_estimators': 500}",0.7658959537572254,0.7745664739884393,0.8208092485549133,0.8057971014492754,0.8231884057971014,0.7980514367093909,0.023644445838576545,126
126,0.255342960357666,0.005046217810828559,0.01875901222229004,0.0005315024053799383,entropy,30,100,100,"{'criterion': 'entropy', 'max_depth': 30, 'min_samples_split': 100, 'n_estimators': 100}",0.7832369942196532,0.8034682080924855,0.7861271676300579,0.7797101449275362,0.8231884057971014,0.7951461841333669,0.016230003376869445,132
127,4.971677637100219,0.02650006967551335,0.3564769268035889,0.014982676797094805,entropy,30,100,2000,"{'criterion': 'entropy', 'max_depth': 30, 'min_samples_split': 100, 'n_estimators': 2000}",0.7658959537572254,0.7832369942196532,0.8005780346820809,0.7942028985507247,0.8231884057971014,0.7934204574013571,0.01896984502626413,138
128,0.029533910751342773,0.0002836382937961462,0.003488588333129883,3.0894632377204576e-05,entropy,30,20,10,"{'criterion': 'entropy', 'max_depth': 30, 'min_samples_split': 20, 'n_estimators': 10}",0.8583815028901735,0.9248554913294798,0.9075144508670521,0.7942028985507247,0.9391304347826087,0.8848169556840079,0.05287334895877344,43
129,1.3359021186828612,0.024569987253415644,0.09410605430603028,0.005740830005041089,entropy,30,20,500,"{'criterion': 'entropy', 'max_depth': 30, 'min_samples_split': 20, 'n_estimators': 500}",0.8526011560693642,0.9190751445086706,0.8757225433526011,0.8289855072463768,0.9536231884057971,0.8860015079165621,0.0450302610653356,40
130,0.274464750289917,0.0077153480214105456,0.024746131896972657,0.009509242105020842,entropy,30,20,100,"{'criterion': 'entropy', 'max_depth': 30, 'min_samples_split': 20, 'n_estimators': 100}",0.8641618497109826,0.9190751445086706,0.8757225433526011,0.8202898550724638,0.927536231884058,0.8813571249057552,0.03901742269108653,45
131,5.27473030090332,0.0544631604123384,0.36907181739807127,0.017340792939734034,entropy,30,20,2000,"{'criterion': 'entropy', 'max_depth': 30, 'min_samples_split': 20, 'n_estimators': 2000}",0.8670520231213873,0.9132947976878613,0.8786127167630058,0.8492753623188406,0.9478260869565217,0.8912121973695234,0.03519639980540845,32
132,0.0285952091217041,0.0003950351098581773,0.003435564041137695,9.345319780951423e-05,entropy,30,50,10,"{'criterion': 'entropy', 'max_depth': 30, 'min_samples_split': 50, 'n_estimators': 10}",0.8410404624277457,0.8583815028901735,0.7601156069364162,0.8,0.881159420289855,0.828139398508838,0.043153695103984605,93
133,1.288125705718994,0.019813732930662086,0.09173779487609864,0.0069524994789185056,entropy,30,50,500,"{'criterion': 'entropy', 'max_depth': 30, 'min_samples_split': 50, 'n_estimators': 500}",0.8208092485549133,0.869942196531792,0.8786127167630058,0.8202898550724638,0.8898550724637682,0.8559018178771887,0.02954806584002188,63
134,0.2570192813873291,0.007187729245027513,0.018882942199707032,0.00011408336733075022,entropy,30,50,100,"{'criterion': 'entropy', 'max_depth': 30, 'min_samples_split': 50, 'n_estimators': 100}",0.815028901734104,0.861271676300578,0.8641618497109826,0.8260869565217391,0.8927536231884058,0.8518606014911618,0.02804633003574349,68
135,5.109697341918945,0.0388191707982989,0.34474687576293944,0.008429714273473419,entropy,30,50,2000,"{'criterion': 'entropy', 'max_depth': 30, 'min_samples_split': 50, 'n_estimators': 2000}",0.8265895953757225,0.869942196531792,0.8786127167630058,0.8144927536231884,0.8956521739130435,0.8570578872413505,0.03117769226365956,61
136,0.027785301208496094,0.000388406594221972,0.0034039974212646484,0.0001228369540491853,entropy,30,100,10,"{'criterion': 'entropy', 'max_depth': 30, 'min_samples_split': 100, 'n_estimators': 10}",0.7658959537572254,0.8294797687861272,0.7456647398843931,0.7623188405797101,0.7797101449275362,0.7766138895869984,0.028570825758164102,163
137,1.2559452533721924,0.01285607532888087,0.08525476455688477,0.0008710828865221769,entropy,30,100,500,"{'criterion': 'entropy', 'max_depth': 30, 'min_samples_split': 100, 'n_estimators': 500}",0.7658959537572254,0.7803468208092486,0.8294797687861272,0.8028985507246377,0.8231884057971014,0.8003618999748682,0.024346823578741877,122
138,0.251542854309082,0.0021815824106309486,0.01892714500427246,0.0004364067857579307,entropy,30,100,100,"{'criterion': 'entropy', 'max_depth': 30, 'min_samples_split': 100, 'n_estimators': 100}",0.7774566473988439,0.7803468208092486,0.846820809248555,0.7855072463768116,0.808695652173913,0.7997654352014745,0.025969280115482562,125
139,4.995167303085327,0.02821855285218743,0.35531930923461913,0.013419502995126419,entropy,30,100,2000,"{'criterion': 'entropy', 'max_depth': 30, 'min_samples_split': 100, 'n_estimators': 2000}",0.7658959537572254,0.7832369942196532,0.8121387283236994,0.7681159420289855,0.8231884057971014,0.7905152048253329,0.023220343136228432,147
140,0.03369927406311035,0.001385101791637535,0.00362544059753418,0.00011097983046734788,entropy,40,2,10,"{'criterion': 'entropy', 'max_depth': 40, 'min_samples_split': 2, 'n_estimators': 10}",0.8872832369942196,0.976878612716763,0.8959537572254336,0.8695652173913043,0.9304347826086956,0.9120231213872831,0.037995220701031174,16
141,1.473411750793457,0.025778887230426283,0.09878888130187988,0.003956166832094691,entropy,40,2,500,"{'criterion': 'entropy', 'max_depth': 40, 'min_samples_split': 2, 'n_estimators': 500}",0.9075144508670521,0.9710982658959537,0.8988439306358381,0.9130434782608695,0.9884057971014493,0.9357811845522326,0.036597864222108915,1
142,0.2940520763397217,0.0044360181545419625,0.02052474021911621,0.0009309765916943898,entropy,40,2,100,"{'criterion': 'entropy', 'max_depth': 40, 'min_samples_split': 2, 'n_estimators': 100}",0.9190751445086706,0.9739884393063584,0.8988439306358381,0.8608695652173913,0.9797101449275363,0.926497444919159,0.04519692905456656,12
143,5.844440126419068,0.07470017481197269,0.38962621688842775,0.016971175305215077,entropy,40,2,2000,"{'criterion': 'entropy', 'max_depth': 40, 'min_samples_split': 2, 'n_estimators': 2000}",0.9104046242774566,0.9682080924855492,0.8988439306358381,0.9014492753623189,0.9884057971014493,0.9334623439725224,0.037365705192832714,6
144,0.02794175148010254,0.00034281283498863705,0.0034110546112060547,4.632663796501018e-05,entropy,40,100,10,"{'criterion': 'entropy', 'max_depth': 40, 'min_samples_split': 100, 'n_estimators': 10}",0.8352601156069365,0.7687861271676301,0.7947976878612717,0.7884057971014493,0.7797101449275362,0.7933919745329647,0.022682237183523413,141
145,1.2600248813629151,0.018413079162246805,0.08599061965942383,0.0012565352675896165,entropy,40,100,500,"{'criterion': 'entropy', 'max_depth': 40, 'min_samples_split': 100, 'n_estimators': 500}",0.7658959537572254,0.7630057803468208,0.8092485549132948,0.782608695652174,0.8173913043478261,0.7876300578034683,0.022167686437564716,153
146,0.2562393665313721,0.004286329096503453,0.018355178833007812,0.00016948615863204234,entropy,40,100,100,"{'criterion': 'entropy', 'max_depth': 40, 'min_samples_split': 100, 'n_estimators': 100}",0.7658959537572254,0.791907514450867,0.7630057803468208,0.7652173913043478,0.8028985507246377,0.7777850381167798,0.016418619837571105,160
147,5.040087604522705,0.040336494272359455,0.34092011451721194,0.004562821568015392,entropy,40,100,2000,"{'criterion': 'entropy', 'max_depth': 40, 'min_samples_split': 100, 'n_estimators': 2000}",0.7658959537572254,0.7803468208092486,0.8208092485549133,0.7768115942028986,0.8231884057971014,0.7934104046242774,0.023835472466878557,140
148,0.03155760765075684,0.0009077201121127933,0.003774881362915039,0.0005245282432732063,entropy,40,20,10,"{'criterion': 'entropy', 'max_depth': 40, 'min_samples_split': 20, 'n_estimators': 10}",0.9104046242774566,0.8988439306358381,0.8323699421965318,0.7971014492753623,0.8753623188405797,0.8628164530451536,0.04234492572825707,54
149,1.3290067195892334,0.00850022140440952,0.09085311889648437,0.0021083899188671595,entropy,40,20,500,"{'criterion': 'entropy', 'max_depth': 40, 'min_samples_split': 20, 'n_estimators': 500}",0.8641618497109826,0.9046242774566474,0.8786127167630058,0.8579710144927536,0.9507246376811594,0.8912188992209098,0.03381437173328584,31
150,0.26641101837158204,0.0016273886743150114,0.019384241104125975,0.00042399470452513205,entropy,40,20,100,"{'criterion': 'entropy', 'max_depth': 40, 'min_samples_split': 20, 'n_estimators': 100}",0.8583815028901735,0.9190751445086706,0.8757225433526011,0.8144927536231884,0.9449275362318841,0.8825198961213034,0.04579859796486254,44
151,5.269925451278686,0.03237834066762248,0.3570389747619629,0.004933259003621851,entropy,40,20,2000,"{'criterion': 'entropy', 'max_depth': 40, 'min_samples_split': 20, 'n_estimators': 2000}",0.8583815028901735,0.9104046242774566,0.8757225433526011,0.855072463768116,0.9536231884057971,0.890640864538829,0.03710987246830718,33
152,0.029039812088012696,0.0007631600686820884,0.004483413696289062,0.0019721678386959516,entropy,40,50,10,"{'criterion': 'entropy', 'max_depth': 40, 'min_samples_split': 50, 'n_estimators': 10}",0.8294797687861272,0.846820809248555,0.7947976878612717,0.7971014492753623,0.863768115942029,0.8263935662226689,0.02712925179694095,94
153,1.2921745300292968,0.02442039605750227,0.08990979194641113,0.004014123889437592,entropy,40,50,500,"{'criterion': 'entropy', 'max_depth': 40, 'min_samples_split': 50, 'n_estimators': 500}",0.8236994219653179,0.8757225433526011,0.8728323699421965,0.8202898550724638,0.8956521739130435,0.8576392728491247,0.030165238288292328,60
154,0.2671809196472168,0.00696224417128031,0.019942569732666015,0.0003868166511059838,entropy,40,50,100,"{'criterion': 'entropy', 'max_depth': 40, 'min_samples_split': 50, 'n_estimators': 100}",0.8121387283236994,0.8757225433526011,0.8641618497109826,0.8144927536231884,0.8753623188405797,0.8483756387702102,0.02893614394462452,72
155,5.126251220703125,0.046962549076061545,0.35304532051086424,0.015108563749560664,entropy,40,50,2000,"{'criterion': 'entropy', 'max_depth': 40, 'min_samples_split': 50, 'n_estimators': 2000}",0.8294797687861272,0.8757225433526011,0.8786127167630058,0.8115942028985508,0.9072463768115943,0.8605311217223758,0.03492576977405789,55
156,0.0282442569732666,0.0005117340314813751,0.003320741653442383,2.7903082883433024e-05,entropy,40,100,10,"{'criterion': 'entropy', 'max_depth': 40, 'min_samples_split': 100, 'n_estimators': 10}",0.7947976878612717,0.7947976878612717,0.8352601156069365,0.7797101449275362,0.8260869565217391,0.806130518555751,0.02098425641479201,119
157,1.2651786804199219,0.014937505674185947,0.08632388114929199,0.0015723037857396994,entropy,40,100,500,"{'criterion': 'entropy', 'max_depth': 40, 'min_samples_split': 100, 'n_estimators': 500}",0.7716763005780347,0.7803468208092486,0.815028901734104,0.7913043478260869,0.8318840579710145,0.7980480857836977,0.022304730271727812,127
158,0.25214438438415526,0.0020560561682297796,0.018481063842773437,0.0006257756671899445,entropy,40,100,100,"{'criterion': 'entropy', 'max_depth': 40, 'min_samples_split': 100, 'n_estimators': 100}",0.7774566473988439,0.7601156069364162,0.8265895953757225,0.7942028985507247,0.8144927536231884,0.7945715003769791,0.024092643652389365,135
159,4.998096942901611,0.010562839234308608,0.33811259269714355,0.0037303762386067807,entropy,40,100,2000,"{'criterion': 'entropy', 'max_depth': 40, 'min_samples_split': 100, 'n_estimators': 2000}",0.7658959537572254,0.7774566473988439,0.815028901734104,0.7681159420289855,0.8231884057971014,0.789937170143252,0.02426993694447303,149
160,0.03454480171203613,0.004132675688207188,0.0036056041717529297,0.0001336091420705418,entropy,50,2,10,"{'criterion': 'entropy', 'max_depth': 50, 'min_samples_split': 2, 'n_estimators': 10}",0.9190751445086706,0.953757225433526,0.9161849710982659,0.8666666666666667,0.7304347826086957,0.877223758063165,0.07846698896992862,51
161,1.4561282634735107,0.010123096947091363,0.09758329391479492,0.0033571394165024682,entropy,50,2,500,"{'criterion': 'entropy', 'max_depth': 50, 'min_samples_split': 2, 'n_estimators': 500}",0.9132947976878613,0.9739884393063584,0.8959537572254336,0.8869565217391304,0.991304347826087,0.9322995727569741,0.04232662786666592,10
162,0.2955783843994141,0.0023312909567952916,0.020682144165039062,0.00019244159979373997,entropy,50,2,100,"{'criterion': 'entropy', 'max_depth': 50, 'min_samples_split': 2, 'n_estimators': 100}",0.9161849710982659,0.9682080924855492,0.8872832369942196,0.855072463768116,0.9797101449275363,0.9212917818547375,0.04728954234247057,15
163,5.86584210395813,0.015534141319274485,0.3902440547943115,0.017127344541292108,entropy,50,2,2000,"{'criterion': 'entropy', 'max_depth': 50, 'min_samples_split': 2, 'n_estimators': 2000}",0.9075144508670521,0.9682080924855492,0.8959537572254336,0.9072463768115943,0.991304347826087,0.9340454050431433,0.038258930510471884,5
164,0.02935900688171387,0.001654527511531632,0.0035044670104980467,0.0002602381504929762,entropy,50,100,10,"{'criterion': 'entropy', 'max_depth': 50, 'min_samples_split': 100, 'n_estimators': 10}",0.791907514450867,0.7716763005780347,0.8294797687861272,0.7971014492753623,0.8492753623188406,0.8078880790818463,0.027792556589638466,116
165,1.259576177597046,0.01684815120155883,0.08693389892578125,0.003253160366030272,entropy,50,100,500,"{'criterion': 'entropy', 'max_depth': 50, 'min_samples_split': 100, 'n_estimators': 500}",0.7658959537572254,0.7947976878612717,0.815028901734104,0.7594202898550725,0.8260869565217391,0.7922459579458826,0.026239795137080447,144
166,0.25247716903686523,0.001127229860312625,0.01851167678833008,0.00015686577154881663,entropy,50,100,100,"{'criterion': 'entropy', 'max_depth': 50, 'min_samples_split': 100, 'n_estimators': 100}",0.7658959537572254,0.7745664739884393,0.8294797687861272,0.782608695652174,0.808695652173913,0.7922493088715757,0.02348068462375313,143
167,5.006472253799439,0.024543621876600478,0.34923787117004396,0.011086465298642309,entropy,50,100,2000,"{'criterion': 'entropy', 'max_depth': 50, 'min_samples_split': 100, 'n_estimators': 2000}",0.7716763005780347,0.791907514450867,0.8092485549132948,0.7710144927536232,0.8289855072463768,0.7945664739884394,0.022297799332494588,137
168,0.02970919609069824,0.0004956583289014345,0.003475189208984375,0.00014534439307951517,entropy,50,20,10,"{'criterion': 'entropy', 'max_depth': 50, 'min_samples_split': 20, 'n_estimators': 10}",0.8959537572254336,0.8815028901734104,0.8526011560693642,0.6927536231884058,0.8898550724637682,0.8425332998240765,0.07635055686658694,76
169,1.3371241092681885,0.020116349412370498,0.09212317466735839,0.0029018006247474117,entropy,50,20,500,"{'criterion': 'entropy', 'max_depth': 50, 'min_samples_split': 20, 'n_estimators': 500}",0.861271676300578,0.9190751445086706,0.869942196531792,0.8521739130434782,0.9478260869565217,0.8900578034682081,0.03700715760954623,37
170,0.26696000099182127,0.005346173347667742,0.022927522659301758,0.0045428964284923235,entropy,50,20,100,"{'criterion': 'entropy', 'max_depth': 50, 'min_samples_split': 20, 'n_estimators': 100}",0.8670520231213873,0.9132947976878613,0.8786127167630058,0.8173913043478261,0.927536231884058,0.8807774147608278,0.038612532829520645,47
171,5.284876346588135,0.005410178840694862,0.3600494384765625,0.005023538481859441,entropy,50,20,2000,"{'criterion': 'entropy', 'max_depth': 50, 'min_samples_split': 20, 'n_estimators': 2000}",0.8554913294797688,0.9104046242774566,0.869942196531792,0.8463768115942029,0.9536231884057971,0.8871676300578034,0.0398002351377658,39
172,0.0289639949798584,0.0004916656214988924,0.0035482406616210937,0.0001766837456819212,entropy,50,50,10,"{'criterion': 'entropy', 'max_depth': 50, 'min_samples_split': 50, 'n_estimators': 10}",0.8526011560693642,0.8670520231213873,0.8554913294797688,0.7768115942028986,0.855072463768116,0.8414057133283069,0.03268227660279721,80
173,1.2878381729125976,0.017007727114006495,0.09543991088867188,0.01666018439604568,entropy,50,50,500,"{'criterion': 'entropy', 'max_depth': 50, 'min_samples_split': 50, 'n_estimators': 500}",0.8265895953757225,0.8786127167630058,0.8554913294797688,0.8202898550724638,0.9101449275362319,0.8582256848454385,0.033342719951315214,58
174,0.2561359882354736,0.003303423213898984,0.018877840042114256,0.0004345268862117859,entropy,50,50,100,"{'criterion': 'entropy', 'max_depth': 50, 'min_samples_split': 50, 'n_estimators': 100}",0.8439306358381503,0.8670520231213873,0.8815028901734104,0.8202898550724638,0.9130434782608695,0.8651637764932563,0.03170966110918314,53
175,5.088083934783936,0.03333510266216849,0.35227484703063966,0.00607220018404717,entropy,50,50,2000,"{'criterion': 'entropy', 'max_depth': 50, 'min_samples_split': 50, 'n_estimators': 2000}",0.8208092485549133,0.8757225433526011,0.8786127167630058,0.8202898550724638,0.8956521739130435,0.8582173075312054,0.03150120552075813,59
176,0.029388999938964842,0.001189059370801841,0.003599119186401367,0.00010548457067321487,entropy,50,100,10,"{'criterion': 'entropy', 'max_depth': 50, 'min_samples_split': 100, 'n_estimators': 10}",0.8092485549132948,0.8005780346820809,0.8410404624277457,0.7797101449275362,0.8260869565217391,0.8113328306944794,0.021072407124204624,109
177,1.2606771469116211,0.019607987318494863,0.08716063499450684,0.0023826831202089778,entropy,50,100,500,"{'criterion': 'entropy', 'max_depth': 50, 'min_samples_split': 100, 'n_estimators': 500}",0.7716763005780347,0.7861271676300579,0.7976878612716763,0.7913043478260869,0.8289855072463768,0.7951562369104466,0.018965743882749242,129
178,0.2520230770111084,0.0039537773133593995,0.01857762336730957,0.00030473186571767824,entropy,50,100,100,"{'criterion': 'entropy', 'max_depth': 50, 'min_samples_split': 100, 'n_estimators': 100}",0.7976878612716763,0.7774566473988439,0.8265895953757225,0.7391304347826086,0.8173913043478261,0.7916511686353356,0.031239724150954527,145
179,5.0092767715454105,0.02450090711772269,0.3444356441497803,0.007612188442058955,entropy,50,100,2000,"{'criterion': 'entropy', 'max_depth': 50, 'min_samples_split': 100, 'n_estimators': 2000}",0.7658959537572254,0.7745664739884393,0.7976878612716763,0.7942028985507247,0.8231884057971014,0.7911083186730334,0.01995642636110816,146
180,0.03350839614868164,0.0010980367761470506,0.003518533706665039,6.166269633995914e-05,entropy,,2,10,"{'criterion': 'entropy', 'max_depth': None, 'min_samples_split': 2, 'n_estimators': 10}",0.9132947976878613,0.9595375722543352,0.8323699421965318,0.8289855072463768,0.9188405797101449,0.89060567981905,0.0514821488295885,35
181,1.4708330631256104,0.02353768850283699,0.09770364761352539,0.0024278282564014304,entropy,,2,500,"{'criterion': 'entropy', 'max_depth': None, 'min_samples_split': 2, 'n_estimators': 500}",0.9046242774566474,0.9682080924855492,0.8815028901734104,0.8985507246376812,0.9884057971014493,0.9282583563709474,0.04204969139180763,11
182,0.29560050964355467,0.003749751508646709,0.02172741889953613,0.001470724150187792,entropy,,2,100,"{'criterion': 'entropy', 'max_depth': None, 'min_samples_split': 2, 'n_estimators': 100}",0.9017341040462428,0.976878612716763,0.9075144508670521,0.8985507246376812,0.9884057971014493,0.9346167378738377,0.039486422570344556,4
183,5.828367757797241,0.07747945280604383,0.3820032119750977,0.01071976744403403,entropy,,2,2000,"{'criterion': 'entropy', 'max_depth': None, 'min_samples_split': 2, 'n_estimators': 2000}",0.9104046242774566,0.9682080924855492,0.8988439306358381,0.9014492753623189,0.9884057971014493,0.9334623439725224,0.037365705192832714,6
184,0.028517389297485353,0.0009019864288631029,0.003464794158935547,0.00019351186949338587,entropy,,100,10,"{'criterion': 'entropy', 'max_depth': None, 'min_samples_split': 100, 'n_estimators': 10}",0.7745664739884393,0.7572254335260116,0.7832369942196532,0.7855072463768116,0.8173913043478261,0.7835854904917483,0.019610420228690004,157
185,1.2634377479553223,0.010488738619238418,0.08955039978027343,0.004108354502833904,entropy,,100,500,"{'criterion': 'entropy', 'max_depth': None, 'min_samples_split': 100, 'n_estimators': 500}",0.7658959537572254,0.7803468208092486,0.7947976878612717,0.7768115942028986,0.8231884057971014,0.7882080924855491,0.019781589353219983,152
186,0.2551244258880615,0.005658188641650732,0.0184906005859375,0.0008508770274596524,entropy,,100,100,"{'criterion': 'entropy', 'max_depth': None, 'min_samples_split': 100, 'n_estimators': 100}",0.7658959537572254,0.7687861271676301,0.7947976878612717,0.8173913043478261,0.8260869565217391,0.7945916059311385,0.024499751077832494,133
187,5.03152322769165,0.05500027684847843,0.3406095504760742,0.005692420033021652,entropy,,100,2000,"{'criterion': 'entropy', 'max_depth': None, 'min_samples_split': 100, 'n_estimators': 2000}",0.7687861271676301,0.7803468208092486,0.8121387283236994,0.782608695652174,0.8231884057971014,0.7934137555499705,0.020645428478807494,139
188,0.031492757797241214,0.0037242501169254174,0.0034656524658203125,0.00010283256165213929,entropy,,20,10,"{'criterion': 'entropy', 'max_depth': None, 'min_samples_split': 20, 'n_estimators': 10}",0.8497109826589595,0.9104046242774566,0.8265895953757225,0.8144927536231884,0.8695652173913043,0.8541526346653263,0.03392400216162818,66
189,1.3295938491821289,0.01007834905651123,0.08944730758666992,0.0012662982900812007,entropy,,20,500,"{'criterion': 'entropy', 'max_depth': None, 'min_samples_split': 20, 'n_estimators': 500}",0.8641618497109826,0.9161849710982659,0.8815028901734104,0.8521739130434782,0.9507246376811594,0.8929496523414594,0.036056222288123996,28
190,0.27072978019714355,0.004563835444085019,0.01943364143371582,0.000416992679874905,entropy,,20,100,"{'criterion': 'entropy', 'max_depth': None, 'min_samples_split': 20, 'n_estimators': 100}",0.8583815028901735,0.9219653179190751,0.8757225433526011,0.8579710144927536,0.9159420289855073,0.8859964815280221,0.02772746168404517,41
191,5.266684055328369,0.04616071389159233,0.35672769546508787,0.0065096651620803305,entropy,,20,2000,"{'criterion': 'entropy', 'max_depth': None, 'min_samples_split': 20, 'n_estimators': 2000}",0.8670520231213873,0.9132947976878613,0.8786127167630058,0.8579710144927536,0.9478260869565217,0.8929513278043061,0.033241805089205136,27
192,0.031293725967407225,0.0038523813733294778,0.003457927703857422,0.00012463273698645736,entropy,,50,10,"{'criterion': 'entropy', 'max_depth': None, 'min_samples_split': 50, 'n_estimators': 10}",0.8872832369942196,0.8294797687861272,0.8179190751445087,0.8144927536231884,0.8492753623188406,0.8396900393733768,0.026721222254386463,83
193,1.2807673454284667,0.005883701566218973,0.0897024154663086,0.0026849543123638013,entropy,,50,500,"{'criterion': 'entropy', 'max_depth': None, 'min_samples_split': 50, 'n_estimators': 500}",0.8208092485549133,0.8641618497109826,0.8815028901734104,0.8173913043478261,0.8869565217391304,0.8541643629052527,0.029622599432193492,65
194,0.2621035099029541,0.002794528452466074,0.019184398651123046,0.0009344520182762182,entropy,,50,100,"{'criterion': 'entropy', 'max_depth': None, 'min_samples_split': 50, 'n_estimators': 100}",0.8265895953757225,0.8641618497109826,0.8526011560693642,0.8376811594202899,0.8695652173913043,0.8501197955935327,0.016061449839178295,69
195,5.182046365737915,0.028599743237988508,0.3607024669647217,0.013511258964824512,entropy,,50,2000,"{'criterion': 'entropy', 'max_depth': None, 'min_samples_split': 50, 'n_estimators': 2000}",0.8265895953757225,0.869942196531792,0.8815028901734104,0.8260869565217391,0.8956521739130435,0.8599547625031414,0.028630887116445316,57
196,0.02906203269958496,0.0019756358950497577,0.0035484790802001952,0.0001066843195003121,entropy,,100,10,"{'criterion': 'entropy', 'max_depth': None, 'min_samples_split': 100, 'n_estimators': 10}",0.7601156069364162,0.7687861271676301,0.7514450867052023,0.736231884057971,0.808695652173913,0.7650548714082266,0.02432622941747835,187
197,1.2707231998443604,0.012052815803714286,0.08733558654785156,0.004509095676984836,entropy,,100,500,"{'criterion': 'entropy', 'max_depth': None, 'min_samples_split': 100, 'n_estimators': 500}",0.7658959537572254,0.7803468208092486,0.8179190751445087,0.7797101449275362,0.8289855072463768,0.7945715003769791,0.024392299952539522,135
198,0.2573083877563477,0.0053650679843072965,0.01863574981689453,0.00042824893575678174,entropy,,100,100,"{'criterion': 'entropy', 'max_depth': None, 'min_samples_split': 100, 'n_estimators': 100}",0.7716763005780347,0.7687861271676301,0.8352601156069365,0.7739130434782608,0.8318840579710145,0.7963039289603753,0.030491412910431306,128
199,4.620736885070801,0.8195515151052133,0.3165595531463623,0.07301575117879355,entropy,,100,2000,"{'criterion': 'entropy', 'max_depth': None, 'min_samples_split': 100, 'n_estimators': 2000}",0.7658959537572254,0.7774566473988439,0.815028901734104,0.7942028985507247,0.8231884057971014,0.7951545614475999,0.02168443579511131,130
