{
  "id" : "2c011440-3c5f-11eb-8b8a-43f5000567e8-3",
  "name" : "Yezz Wireless Ltd.",
  "createdDate" : 0,
  "version" : 3,
  "text" : "Very poor quality. Has the oldest version of Android on them, Bought them to take on a deployment. These were the slowest and I could not use them. Threw them in the trash. Dont buy.",
  "docLength" : 0,
  "language" : "EN",
  "status" : "SUBMITTED",
  "modifiedDate" : 1607792578261,
  "documentSet" : [ ],
  "preannotation" : [ ],
  "sentences" : [ {
    "id" : "s0",
    "begin" : 0,
    "end" : 18,
    "text" : "Very poor quality.",
    "tokens" : [ {
      "id" : "s0-t0",
      "begin" : 0,
      "end" : 4,
      "text" : "Very",
      "whiteSpace" : false
    }, {
      "id" : "s0-t1",
      "begin" : 5,
      "end" : 9,
      "text" : "poor",
      "whiteSpace" : false
    }, {
      "id" : "s0-t2",
      "begin" : 10,
      "end" : 17,
      "text" : "quality",
      "whiteSpace" : false
    }, {
      "id" : "s0-t3",
      "begin" : 17,
      "end" : 18,
      "text" : ".",
      "whiteSpace" : false
    } ]
  }, {
    "id" : "s1",
    "begin" : 19,
    "end" : 98,
    "text" : "Has the oldest version of Android on them, Bought them to take on a deployment.",
    "tokens" : [ {
      "id" : "s1-t0",
      "begin" : 19,
      "end" : 22,
      "text" : "Has",
      "whiteSpace" : false
    }, {
      "id" : "s1-t1",
      "begin" : 23,
      "end" : 26,
      "text" : "the",
      "whiteSpace" : false
    }, {
      "id" : "s1-t2",
      "begin" : 27,
      "end" : 33,
      "text" : "oldest",
      "whiteSpace" : false
    }, {
      "id" : "s1-t3",
      "begin" : 34,
      "end" : 41,
      "text" : "version",
      "whiteSpace" : false
    }, {
      "id" : "s1-t4",
      "begin" : 42,
      "end" : 44,
      "text" : "of",
      "whiteSpace" : false
    }, {
      "id" : "s1-t5",
      "begin" : 45,
      "end" : 52,
      "text" : "Android",
      "whiteSpace" : false
    }, {
      "id" : "s1-t6",
      "begin" : 53,
      "end" : 55,
      "text" : "on",
      "whiteSpace" : false
    }, {
      "id" : "s1-t7",
      "begin" : 56,
      "end" : 60,
      "text" : "them",
      "whiteSpace" : false
    }, {
      "id" : "s1-t8",
      "begin" : 60,
      "end" : 61,
      "text" : ",",
      "whiteSpace" : false
    }, {
      "id" : "s1-t9",
      "begin" : 62,
      "end" : 68,
      "text" : "Bought",
      "whiteSpace" : false
    }, {
      "id" : "s1-t10",
      "begin" : 69,
      "end" : 73,
      "text" : "them",
      "whiteSpace" : false
    }, {
      "id" : "s1-t11",
      "begin" : 74,
      "end" : 76,
      "text" : "to",
      "whiteSpace" : false
    }, {
      "id" : "s1-t12",
      "begin" : 77,
      "end" : 81,
      "text" : "take",
      "whiteSpace" : false
    }, {
      "id" : "s1-t13",
      "begin" : 82,
      "end" : 84,
      "text" : "on",
      "whiteSpace" : false
    }, {
      "id" : "s1-t14",
      "begin" : 85,
      "end" : 86,
      "text" : "a",
      "whiteSpace" : false
    }, {
      "id" : "s1-t15",
      "begin" : 87,
      "end" : 97,
      "text" : "deployment",
      "whiteSpace" : false
    }, {
      "id" : "s1-t16",
      "begin" : 97,
      "end" : 98,
      "text" : ".",
      "whiteSpace" : false
    } ]
  }, {
    "id" : "s2",
    "begin" : 99,
    "end" : 147,
    "text" : "These were the slowest and I could not use them.",
    "tokens" : [ {
      "id" : "s2-t0",
      "begin" : 99,
      "end" : 104,
      "text" : "These",
      "whiteSpace" : false
    }, {
      "id" : "s2-t1",
      "begin" : 105,
      "end" : 109,
      "text" : "were",
      "whiteSpace" : false
    }, {
      "id" : "s2-t2",
      "begin" : 110,
      "end" : 113,
      "text" : "the",
      "whiteSpace" : false
    }, {
      "id" : "s2-t3",
      "begin" : 114,
      "end" : 121,
      "text" : "slowest",
      "whiteSpace" : false
    }, {
      "id" : "s2-t4",
      "begin" : 122,
      "end" : 125,
      "text" : "and",
      "whiteSpace" : false
    }, {
      "id" : "s2-t5",
      "begin" : 126,
      "end" : 127,
      "text" : "I",
      "whiteSpace" : false
    }, {
      "id" : "s2-t6",
      "begin" : 128,
      "end" : 133,
      "text" : "could",
      "whiteSpace" : false
    }, {
      "id" : "s2-t7",
      "begin" : 134,
      "end" : 137,
      "text" : "not",
      "whiteSpace" : false
    }, {
      "id" : "s2-t8",
      "begin" : 138,
      "end" : 141,
      "text" : "use",
      "whiteSpace" : false
    }, {
      "id" : "s2-t9",
      "begin" : 142,
      "end" : 146,
      "text" : "them",
      "whiteSpace" : false
    }, {
      "id" : "s2-t10",
      "begin" : 146,
      "end" : 147,
      "text" : ".",
      "whiteSpace" : false
    } ]
  }, {
    "id" : "s3",
    "begin" : 148,
    "end" : 172,
    "text" : "Threw them in the trash.",
    "tokens" : [ {
      "id" : "s3-t0",
      "begin" : 148,
      "end" : 153,
      "text" : "Threw",
      "whiteSpace" : false
    }, {
      "id" : "s3-t1",
      "begin" : 154,
      "end" : 158,
      "text" : "them",
      "whiteSpace" : false
    }, {
      "id" : "s3-t2",
      "begin" : 159,
      "end" : 161,
      "text" : "in",
      "whiteSpace" : false
    }, {
      "id" : "s3-t3",
      "begin" : 162,
      "end" : 165,
      "text" : "the",
      "whiteSpace" : false
    }, {
      "id" : "s3-t4",
      "begin" : 166,
      "end" : 171,
      "text" : "trash",
      "whiteSpace" : false
    }, {
      "id" : "s3-t5",
      "begin" : 171,
      "end" : 172,
      "text" : ".",
      "whiteSpace" : false
    } ]
  }, {
    "id" : "s4",
    "begin" : 173,
    "end" : 182,
    "text" : "Dont buy.",
    "tokens" : [ {
      "id" : "s4-t0",
      "begin" : 173,
      "end" : 177,
      "text" : "Dont",
      "whiteSpace" : false
    }, {
      "id" : "s4-t1",
      "begin" : 178,
      "end" : 181,
      "text" : "buy",
      "whiteSpace" : false
    }, {
      "id" : "s4-t2",
      "begin" : 181,
      "end" : 182,
      "text" : ".",
      "whiteSpace" : false
    } ]
  } ],
  "mentions" : [ {
    "id" : "s1-m1",
    "properties" : {
      "SIRE_MENTION_ROLE" : "Part_Of_Mobile",
      "SIRE_ENTITY_SUBTYPE" : "NONE",
      "SIRE_MENTION_TYPE" : "NONE",
      "SIRE_MENTION_CLASS" : "SPC"
    },
    "type" : "Part_Of_Mobile",
    "begin" : 45,
    "end" : 52,
    "inCoref" : false
  }, {
    "id" : "s1-m2",
    "properties" : {
      "SIRE_MENTION_ROLE" : "Manufacturer",
      "SIRE_ENTITY_SUBTYPE" : "NONE",
      "SIRE_MENTION_TYPE" : "NONE",
      "SIRE_MENTION_CLASS" : "SPC"
    },
    "type" : "Manufacturer",
    "begin" : 56,
    "end" : 60,
    "inCoref" : true
  }, {
    "id" : "s1-m3",
    "properties" : {
      "SIRE_MENTION_ROLE" : "Manufacturer",
      "SIRE_ENTITY_SUBTYPE" : "NONE",
      "SIRE_MENTION_TYPE" : "NONE",
      "SIRE_MENTION_CLASS" : "SPC"
    },
    "type" : "Manufacturer",
    "begin" : 69,
    "end" : 73,
    "inCoref" : true
  }, {
    "id" : "s2-m1",
    "properties" : {
      "SIRE_MENTION_ROLE" : "Manufacturer",
      "SIRE_ENTITY_SUBTYPE" : "NONE",
      "SIRE_MENTION_TYPE" : "NONE",
      "SIRE_MENTION_CLASS" : "SPC"
    },
    "type" : "Manufacturer",
    "begin" : 99,
    "end" : 104,
    "inCoref" : true
  }, {
    "id" : "s2-m2",
    "properties" : {
      "SIRE_MENTION_ROLE" : "Manufacturer",
      "SIRE_ENTITY_SUBTYPE" : "NONE",
      "SIRE_MENTION_TYPE" : "NONE",
      "SIRE_MENTION_CLASS" : "SPC"
    },
    "type" : "Manufacturer",
    "begin" : 142,
    "end" : 146,
    "inCoref" : true
  }, {
    "id" : "s3-m1",
    "properties" : {
      "SIRE_MENTION_ROLE" : "Manufacturer",
      "SIRE_ENTITY_SUBTYPE" : "NONE",
      "SIRE_MENTION_TYPE" : "NONE",
      "SIRE_MENTION_CLASS" : "SPC"
    },
    "type" : "Manufacturer",
    "begin" : 154,
    "end" : 158,
    "inCoref" : true
  } ],
  "relations" : [ ],
  "corefs" : [ {
    "id" : "c1",
    "properties" : { },
    "mentions" : [ "s1-m2", "s1-m3", "s2-m2", "s3-m1", "s2-m1" ]
  } ],
  "typeResolved" : true,
  "userResolved" : false
}