longmon,tollmon,equipmon,cardmon,wiremon,multline,voice,pager,internet,callid,callwait,forward,confer,ebill,custcat,tenure_1,age_1,address_1,income_1,employ_1,reside_1,marital_1,retire_1,gender_1,tollfree_1,equip_1,callcard_1,wireless_1,ed_1,churn
3.7,0,0,7.5,0,0,0,0,0,0,0,1,0,0,1,13,44,9,64,5,2,1,0,0,0,0,1,0,4,1
4.4,20.75,0,15.25,35.7,0,1,1,0,1,1,1,1,0,4,11,33,7,136,5,6,1,0,0,1,0,1,1,5,1
18.15,18,0,30.25,0,0,0,0,0,1,1,0,1,0,3,68,52,24,71.1461632155907,29,2,1,0,1,1,0,1,0,1,0
9.45,0,0,0,0,0,0,0,0,0,0,0,0,0,1,33,33,12,33,0,1,0,0,1,0,0,0,0,2,1
6.3,0,0,0,0,0,0,0,0,1,0,1,1,0,3,23,30,9,30,10.9988938053097,4,1,.0447598253275109,0,0,0,0,0,1,0
11.8,19.25,0,13.5,0,0,0,0,0,1,1,0,0,0,3,41,39,17,78,16,1,0,0,1,1,0,1,0,2,0
10.9,0,0,8.75,0,1,0,0,1,0,1,0,0,1,2,45,22,2,19,4,5,1,0,1,0,0,1,0,2,1
6.05,45,50.1,23.25,64.9,1,1,1,1,1,1,1,1,1,4,38,35,5,76,10.9988938053097,3,0,0,0,1,1,1,1,2,0
9.75,28.5,0,12,0,1,0,0,0,1,1,1,1,0,3,45,59,7,166,31,5,1,0,0,1,0,1,0,4,0
24.15,0,0,16.5,0,1,0,0,0,0,0,0,0,0,2,68,41,21,72,22,3,1,0,0,0,0,1,0,1,0
4.85,0,26.15,0,0,0,0,1,1,0,0,0,0,1,1,5,41.7487179487179,10,125,5,1,0,0,1,0,1,0,0,4,1
7.1,22,0,23.75,0,0,1,0,0,1,1,1,1,0,3,7,35,14,80,15,1,0,0,1,1,0,1,0,2,0
8.55,0,0,41.75,0,0,0,0,0,0,0,0,0,0,1,41,38,8,37,9,3,1,0,1,0,0,1,0,2,0
15.6,46.25,46.7,0,61.05,1,1,1,1,1,1,1,1,1,4,57,54,30,71.1461632155907,23,3,1,0,1,1,1,0,1,4,1
4.4,0,0,0,0,0,0,0,0,0,0,0,0,0,1,9,46,3,25,10.9988938053097,2,0,.0447598253275109,1,0,0,0,0,1,0
5.1,0,30.25,11.25,0,1,0,0,1,0,0,0,0,0,2,29,38,12,75,1,4,1,0,0,0,1,1,0,5,0
16.15,29.75,31.3,30,0,1,0,0,0,1,1,1,1,0,3,60,57,38,162,30,1,0,0,0,1,1,1,0,2,0
6.65,18.5,0,0,0,0,0,0,0,0,1,1,1,0,3,34,48,3,71.1461632155907,6,3,0,0,1,1,0,0,0,2,0
1.05,0,0,0,0,0,0,0,0,0,0,0,0,0,1,1,24,3,20,3,1,0,0,0,0,0,0,0,1,0
6.7,0,48.1,24.25,38.3,1,1,0,1,1,1,1,1,1,4,26,29,11.4682352941176,77,2,4,1,0,.517745302713987,0,1,1,1,4,1
3.75,0,33.8,0,18.7,1,0,1,1,0,1,0,0,0,2,6,30,11.4682352941176,16,1,1,0,0,.517745302713987,0,1,0,1,3,1
20.7,0,0,22,0,0,0,0,0,0,0,1,0,0,1,68,52,17,71.1461632155907,10.9988938053097,2,1,0,0,0,0,1,0,1,0
5.3,0,49.6,26.75,51.4,1,1,0,1,0,1,1,1,1,4,53,33,10,101,4,2,0,0,1,0,1,1,1,5,0
15.05,0,0,27.25,0,0,0,0,0,0,0,0,0,0,1,55,48,11.4682352941176,67,25,3,1,0,.517745302713987,0,0,1,0,1,0
12.5,19.75,0,18,0,0,0,0,0,1,1,1,1,0,3,14,43,18,36,5,5,1,0,0,1,0,1,0,1,0
2.2,20.75,0,40.5,0,0,0,0,0,0,1,1,1,0,3,1,21,0,71.1461632155907,0,3,0,0,1,1,0,1,0,2,0
8.25,23.5,36.9,28,37.4,1,1,0,1,1,1,0,1,1,4,42,40,7,37,10.9988938053097,1,0,.0447598253275109,1,1,1,1,1,2,0
9.1,0,0,0,0,1,0,0,0,1,0,1,0,0,3,25,33,11,31,5,4,1,0,0,0,0,0,0,1,0
2.9,0,0,0,0,0,0,0,0,1,0,0,0,0,1,9,21,1,17,2,3,1,0,1,0,0,0,0,2,0
5.55,0,27.35,0,0,1,0,0,1,0,0,0,1,1,2,13,33,11.4682352941176,19,0,2,1,0,1,0,1,0,0,4,0
10.6,0,31.1,18.25,0,1,0,0,1,0,0,0,0,1,2,56,37,6,36,13,2,1,0,1,0,1,1,0,1,0
21,56,0,34,49.95,1,1,0,1,0,0,1,1,1,4,71,53,27,71.1461632155907,12,2,1,0,0,1,0,1,1,5,0
6.5,27.5,0,35,0,0,0,0,0,0,1,1,1,0,3,35,50,26,140,10.9988938053097,4,1,.0447598253275109,1,1,0,1,0,2,0
4.8,0,19.55,0,0,1,0,0,1,0,0,0,0,0,2,11,27,11.4682352941176,55,0,3,1,0,0,0,1,0,0,5,0
33.9,38.25,44.65,13.75,55.25,1,1,1,1,0,1,1,1,1,4,60,46,13,163,24,2,.484745762711864,0,0,1,1,1,1,3,0
4.25,0,30.55,0,0,1,0,0,1,0,0,0,0,1,2,20,35,11.4682352941176,52,10.9988938053097,2.31987577639752,1,.0447598253275109,0,0,1,0,0,4,1
21.15,39.25,46.35,54.25,54.85,1,1,1,1,1,0,0,1,1,4,35.5609504132231,60,38,211,25,1,0,0,0,1,1,1,1,4,0
9.8,33.5,0,36,41.65,1,1,0,0,1,1,1,1,0,3,44,57,1,186,17,2,1,0,0,1,0,1,1,2,0
6.55,29.25,0,19.75,0,0,1,0,0,1,1,1,1,0,3,11,41,0,39,1,2,1,0,1,1,0,1,0,1,1
41.75,49,0,18.75,0,1,0,0,0,1,1,1,1,0,3,72,57,11.4682352941176,71.1461632155907,35,1,0,1,1,1,0,1,0,2,0
2.5,19.25,0,53.75,0,0,0,0,0,1,1,1,1,0,3,10,41,11.4682352941176,30,7,1,0,0,0,1,0,1,0,1,0
4.25,30,0,17.75,0,0,0,0,0,1,1,1,1,0,3,35.5609504132231,28,0,29,4,1,0,0,.517745302713987,1,0,1,0,2,0
6.2,0,0,0,0,0,0,0,0,1,0,0,0,0,1,35.5609504132231,28,4,23,8,5,1,0,0,0,0,0,0,2,0
5.65,0,46.75,0,48.5,1,1,1,1,0,0,0,1,1,4,9,36,14,62,10,6,.484745762711864,0,0,0,1,0,1,4,1
14.7,18.75,0,11,0,1,0,0,0,1,1,0,1,0,3,64,41.7487179487179,20,76,10.9988938053097,4,.484745762711864,.0447598253275109,1,1,0,1,0,4,0
14.5,0,37,17,0,1,1,0,1,0,0,0,0,1,2,65,41,11.4682352941176,74,16,2,.484745762711864,0,0,0,1,1,0,4,0
12.85,25.75,0,14.25,0,1,0,0,1,0,1,0,0,1,2,49,51,27,63,19,5,.484745762711864,0,0,1,0,1,0,4,0
7.75,0,37.45,18.5,38.8,1,0,1,1,0,1,0,1,1,4,47,41,0,36,8,2,1,0,0,0,1,1,1,4,1
2.95,0,22.95,0,0,0,0,0,0,0,0,0,0,0,1,9,34,9,33,8,4,1,0,1,0,1,0,0,2,1
3.25,31.5,0,15.5,26.75,0,0,0,1,1,1,1,1,1,3,5,36,14,29,9,1,0,0,1,1,0,1,1,2,1
6.3,0,22.5,0,0,0,0,0,1,0,0,0,0,0,1,30,34,4,71.1461632155907,10.9988938053097,5,1,.0447598253275109,0,0,1,0,0,2,1
24.75,0,0,22.25,0,1,0,0,0,0,0,0,0,0,2,56,52,28,49,10.9988938053097,4,1,.0447598253275109,0,0,0,1,0,2,0
7.8,23.75,37.25,22.5,30.05,1,1,1,1,1,1,1,1,1,4,10,22,0,24,0,1,.484745762711864,0,0,1,1,1,1,4,0
4.85,15.5,0,0,0,0,0,0,0,0,1,0,0,0,1,7,26,3,26,10.9988938053097,5,1,.0447598253275109,0,1,0,0,0,2,0
6.25,18.5,0,14.25,0,0,0,0,0,1,0,0,0,1,1,52,27,6,47,5,2,0,0,0,1,0,1,0,3,0
7.2,15.75,28.35,0,0,0,0,1,1,1,0,0,1,0,1,36,45,1,94,18,5,1,0,1,1,1,0,0,2,1
7.65,0,0,0,0,1,0,0,0,0,0,0,0,0,2,27,34,8,21,4,1,0,0,1,0,0,0,0,3,0
15.5,0,0,34.5,0,0,0,0,0,0,0,0,0,0,1,58,62,11.4682352941176,71.1461632155907,0,2,1,0,0,0,0,1,0,1,0
10.4,28,0,19,27.5,0,0,0,0,1,1,1,1,0,3,41,52,27,71.1461632155907,2,1,0,0,1,1,0,1,1,2,0
19.7,0,28.15,14.75,0,1,0,0,1,0,0,0,0,1,2,47,40,16,127,12,4,.484745762711864,0,1,0,1,1,0,4,0
12.7,27.5,0,11.5,0,0,1,0,0,1,1,1,1,0,3,55,39,15,137,20,2,1,0,1,1,0,1,0,2,1
28.8,55.5,0,21.25,61.1,1,1,1,0,1,1,1,1,0,4,56,50,1,71.1461632155907,24,4,1,0,1,1,0,1,1,2,0
10.25,0,0,15.75,0,0,0,0,0,0,0,0,0,0,1,35,55,24,30,2,1,0,0,0,0,0,1,0,2,0
29,0,47.05,24.75,0,1,0,1,1,1,0,0,1,0,4,69,51,11,71.1461632155907,23,2,.484745762711864,0,1,0,1,1,0,4,0
15.25,24.5,37.45,27.25,30.05,1,0,1,1,1,1,1,1,1,4,44,39,16,79,16,1,.484745762711864,0,0,1,1,1,1,2,1
9.05,0,0,6.75,0,0,0,0,0,0,0,0,0,0,1,36,47,16,63,23,2,1,0,0,0,0,1,0,1,0
8.95,21.25,0,0,0,0,0,0,0,1,1,1,1,0,3,28,51,22,71.1461632155907,10,6,1,0,1,1,0,0,0,3,0
57.05,51.5,0,19.25,0,1,0,0,0,1,1,1,1,0,3,72,67,44,71.1461632155907,34,2,1,1,0,1,0,1,0,1,0
6,0,0,0,0,0,0,0,0,0,0,0,0,0,1,16,27,5,37,5,4,0,0,0,0,0,0,0,3,0
3.15,0,27.25,16.25,17.95,0,0,0,1,1,0,0,1,1,1,3,43,19,61,10.9988938053097,1,0,.0447598253275109,1,0,1,1,1,4,1
8.55,0,0,19.75,0,0,0,0,0,0,0,0,0,0,1,40,57,15,71.1461632155907,9,2,1,0,0,0,0,1,0,2,0
6.6,0,23.3,0,0,1,0,0,1,0,0,0,0,1,2,16,39,6,44,3,1,.484745762711864,0,1,0,1,0,0,4,0
7.8,0,0,0,0,0,0,0,0,0,0,0,0,0,1,20,42,4,17,5,1,.484745762711864,0,0,0,0,0,0,3,0
7.25,0,33.5,0,20.65,1,1,0,1,0,0,0,0,1,2,48,43,11.4682352941176,110,15,3,.484745762711864,0,1,0,1,0,1,5,0
24.5,24.75,0,12.5,29.65,1,0,0,0,1,1,1,1,0,3,64,48,13,91,10.9988938053097,2,1,.0447598253275109,0,1,0,1,1,2,0
3.15,0,25.05,0,0,0,0,1,1,0,0,0,0,1,1,8,46,3,46,8,1,0,0,.517745302713987,0,1,0,0,2,0
10.6,0,0,0,0,0,0,0,0,1,1,1,1,0,3,40,38,10,85,12,2,1,0,0,0,0,0,0,3,1
11.2,0,0,0,0,0,0,0,0,0,0,0,1,0,1,38,71,27,71.1461632155907,12,1,0,1,0,0,0,0,0,2,0
30.25,30.25,0,30.75,0,0,1,0,0,1,1,1,1,0,3,35.5609504132231,68,28,71.1461632155907,47,1,0,0,1,1,0,1,0,2.67150259067358,0
7.85,44,49.6,10.5,43.75,1,1,1,1,1,1,1,1,1,4,26,42,0,71.1461632155907,15,1,0,0,1,1,1,1,1,4,0
8.9,33.75,0,5.75,0,1,1,1,1,1,1,1,1,0,4,41,34,15,83,1,2,.484745762711864,0,1,1,0,1,0,5,0
1.65,0,21.6,0,0,0,0,0,0,0,0,0,1,0,1,2,31,2,71.1461632155907,6,1,0,0,0,0,1,0,0,1,1
11.85,22.5,0,35,0,1,1,1,0,1,1,1,1,0,4,20,48,29,24,10.9988938053097,2,1,.0447598253275109,0,1,0,1,0,2,1
5.5,31.5,0,19.25,0,0,0,1,0,1,1,1,1,0,3,31,53,2,71.1461632155907,31,1,.484745762711864,0,1,1,0,1,0,2.67150259067358,0
14.65,0,40.45,14.25,0,1,0,0,1,0,0,0,0,0,2,45,52,4,169,29,4,1,0,1,0,1,1,0,4,0
7.25,0,29.15,0,0,0,0,0,0,0,0,0,0,1,1,33,27,11.4682352941176,46,7,4,1,0,0,0,1,0,0,2,0
4.85,0,27.7,0,0,1,0,0,0,0,0,0,0,0,2,10,26,6,34,3,1,0,0,0,0,1,0,0,3,0
17.25,0,48,87.5,33.25,1,1,1,1,1,0,1,0,1,4,62,54,2,50,3,2,1,0,0,0,1,1,1,4,1
3.4,23.75,49.8,0,35.75,0,1,1,1,1,1,1,1,1,4,4,35,16,161,6,1,0,0,1,1,1,0,1,5,1
7.45,26.75,0,24.75,0,0,0,0,0,1,1,1,0,0,3,42,47,17,212,17,2,1,0,0,1,0,1,0,4,0
7.1,0,39.4,0,0,1,0,1,1,0,0,0,0,1,2,27,51,3,71.1461632155907,11,3,1,0,0,0,1,0,0,5,0
13.2,27.5,0,0,0,0,0,0,0,0,1,0,0,0,1,38,42,1,71.1461632155907,7,1,0,0,1,1,0,0,0,4,0
12.25,0,38.4,8.75,35.95,1,1,0,1,0,0,0,1,1,2,52,61,3,53,1,2,1,0,1,0,1,1,1,5,0
5.85,38.25,0,22.25,40.35,1,1,1,1,1,1,1,1,1,4,35,33,9,73,4,1,0,0,1,1,0,1,1,5,0
3.75,0,0,0,0,0,0,0,0,0,0,0,0,1,1,3,20,1,71.1461632155907,0,4,1,0,1,0,0,0,0,2,1
10.2,0,36.4,14.5,30.9,1,1,0,1,1,1,0,0,1,4,17,33,11.4682352941176,23,3,1,0,0,0,0,1,1,1,5,1
5.7,0,0,0,0,0,0,0,0,0,1,1,1,0,3,55,53,11.4682352941176,71.1461632155907,8,2,1,0,0,0,0,0,0,1,0
11.55,12.75,0,21.5,0,1,0,0,0,0,0,0,0,0,2,43,36,5,107,19,3,1,0,1,1,0,1,0,1,1
8.65,30.5,0,9,0,0,0,0,0,0,1,1,1,0,3,47,25,5,21,1,2,1,0,1,1,0,1,0,1,1
19.3,0,0,22.75,0,1,0,0,0,0,1,0,0,0,2,65,58,30,83,16,1,0,0,1,0,0,1,0,2,0
3.05,0,31.3,14,0,1,0,0,1,1,1,1,1,1,4,13,20,1,71.1461632155907,0,5,.484745762711864,0,0,0,1,1,0,3,0
24.05,0,35.4,21.25,0,1,0,0,0,1,0,1,1,1,3,64,25,4,76,2,6,1,0,1,0,1,1,0,3,0
4,24.75,0,27.25,0,0,0,0,0,1,1,1,1,0,3,12,41.7487179487179,2,19,0,1,0,0,0,1,0,1,0,1,1
6.7,0,33,0,0,1,0,1,1,0,0,0,0,1,2,29,32,0,49,3,3,1,0,1,0,1,0,0,4,1
7.6,0,0,0,0,1,0,0,0,1,0,0,1,1,2,23,47,21,173,22,1,0,0,1,0,0,0,0,3,0
5,21.75,0,0,24.15,1,0,0,0,0,0,1,1,1,2,14,35,4,47,10,1,0,0,1,1,0,0,1,3,1
9.6,0,0,9.5,0,0,0,0,0,0,0,0,0,0,1,35,61,23,41,11,1,0,0,0,0,0,1,0,2,0
6.6,39.75,0,37.25,38.25,1,1,1,0,1,1,1,1,1,4,26,39,8,105,13,1,0,0,1,1,0,1,1,3,0
5.85,0,0,0,0,0,1,0,1,0,0,0,0,1,1,13,54,11.4682352941176,31,2,1,0,0,0,0,0,0,0,4,0
25.25,0,0,33,0,1,0,0,0,0,0,0,0,0,2,69,40,13,41,17,3,1,0,0,0,0,1,0,2,0
12.6,0,0,12.5,0,1,0,0,1,0,0,0,0,1,2,61,50,30,71.1461632155907,9,3,.484745762711864,0,1,0,0,1,0,4,0
9.95,14.75,26.15,0,0,1,0,0,0,0,0,0,0,0,2,45,22,2,36,0,5,1,0,1,1,1,0,0,4,1
2,0,0,0,0,0,1,0,0,0,0,0,1,1,1,3,37,13,24,3,1,0,0,1,0,0,0,0,1,0
12.05,0,27.15,6.5,0,1,0,0,1,0,0,0,0,1,2,53,22,1,25,10.9988938053097,2,0,.0447598253275109,0,0,1,1,0,2.67150259067358,0
17.3,21.25,0,19.25,0,1,0,0,0,1,1,1,1,0,3,59,41.7487179487179,1,68,21,1,0,0,1,1,0,1,0,2,0
4.8,0,0,0,0,0,0,0,1,0,0,0,0,0,1,13,34,11,20,10.9988938053097,1,0,.0447598253275109,.517745302713987,0,0,0,0,3,0
3.8,0,0,0,0,0,0,0,0,0,1,1,1,0,3,31,31,4,48,15,1,0,0,0,0,0,0,0,1,0
13,0,0,0,0,0,0,0,0,0,1,1,1,0,3,40,29,6,40,8,5,1,0,1,0,0,0,0,2,0
13.8,0,0,25.5,0,0,0,0,0,1,1,1,1,0,3,48,55,15,79,25,1,0,0,0,0,0,1,0,1,0
3.45,15.5,23.3,23.5,0,0,0,0,1,0,0,1,0,0,1,3,31,1,28,0,1,0,0,0,1,1,1,0,1,1
14.8,0,0,17,0,0,0,0,0,0,0,0,0,0,1,51,48,12,64,22,1,0,0,1,0,0,1,0,2,0
12.2,0,0,0,0,0,0,0,0,0,0,0,0,0,1,33,41,15,37,11,1,0,0,0,0,0,0,0,2,0
4.25,11,0,0,0,0,0,0,0,0,0,0,1,0,1,14,47,7,48,13,2,1,0,0,1,0,0,0,1,0
5.8,0,35.35,0,21.65,1,0,0,1,0,0,0,0,1,2,17,42,6,131,10.9988938053097,3,.484745762711864,.0447598253275109,0,0,1,0,1,5,1
5.4,0,0,0,0,0,0,0,1,0,0,1,0,1,1,19,29,9,18,2,3,1,0,0,0,0,0,0,2,1
10.15,0,0,17.75,0,1,0,0,0,0,0,0,0,0,2,58,36,10,38,14,1,0,0,1,0,0,1,0,2,0
5.35,0,28.1,9,24.7,0,1,0,1,1,0,0,1,1,4,22,23,3,37,4,3,0,0,1,0,1,1,1,2.67150259067358,0
9.6,0,26.75,0,0,1,0,0,1,0,0,0,0,1,2,29,31,1,60,10.9988938053097,5,1,0,0,0,1,0,0,4,1
9.45,0,26.85,0,0,1,0,0,1,0,0,0,0,0,2,14,22,2,13,0,4,1,0,1,0,1,0,0,3,1
26.15,84,0,11.25,45.45,1,1,1,0,1,1,1,1,0,4,70,64,18,71.1461632155907,31,2,1,0,1,1,0,1,1,1,0
23.15,36.75,0,36,34.3,1,0,0,0,0,0,1,1,0,3,62,41.7487179487179,11.4682352941176,71.1461632155907,23,2,1,0,0,1,0,1,1,1,1
5.2,0,0,0,0,0,0,0,0,0,0,0,0,0,1,35.5609504132231,41.7487179487179,0,47,14,5,1,0,0,0,0,0,0,1,1
12.4,48.75,0,36.5,58.4,0,1,1,0,1,1,1,1,0,4,56,47,11.4682352941176,65,10.9988938053097,3,1,.0447598253275109,0,1,0,1,1,2,0
19.3,0,33.4,50.75,0,1,1,0,1,0,0,1,0,1,2,50,50,22,150,5,4,1,0,1,0,1,1,0,5,1
9.05,24.25,41.85,12.25,39.6,1,0,1,0,1,1,1,1,0,3,57,39,11.4682352941176,106,8,1,0,0,0,1,1,1,1,5,0
4.25,0,0,0,0,0,1,0,1,0,0,0,0,1,1,2,40,19,51,14,1,0,0,1,0,0,0,0,4,0
9.3,0,0,0,0,0,0,0,0,0,0,0,0,0,1,40,38,17,96,0,1,0,0,1,0,0,0,0,4,0
4.25,0,0,16.25,26.75,1,0,1,0,1,1,1,1,0,3,6,43,11.4682352941176,33,7,2,0,0,0,0,0,1,1,5,0
13.9,23.25,28.5,3.75,0,1,0,1,0,0,1,1,0,0,3,23,25,6,38,1,3,1,0,1,1,1,1,0,2,0
3.8,19.25,61.45,19,58.25,1,1,1,1,1,1,1,1,1,4,11,32,6,125,5,1,0,0,0,1,1,1,1,4,1
8.6,24,41.15,17.75,28,0,1,1,1,1,1,1,1,0,4,29,37,13,145,0,4,1,0,1,1,1,1,1,2.67150259067358,0
22.05,34.75,0,9.75,0,1,0,0,0,0,1,0,1,0,3,42,44,2,99,21,3,1,0,0,1,0,1,0,2,0
4.85,18.25,35.05,34.75,31.65,0,0,1,1,1,1,1,1,1,4,20,34,2,22,0,3,1,0,1,1,1,1,1,4,0
32.25,0,0,33.5,0,1,0,0,0,0,0,0,0,0,2,35.5609504132231,60,11.4682352941176,31,38,2,1,1,0,0,0,1,0,1,0
1.9,15.75,28.7,5,24.15,0,0,1,0,1,1,1,1,0,3,2,36,3,25,6,1,0,0,1,1,1,1,1,2.67150259067358,0
20.25,21.25,39.4,9.75,28.35,0,0,0,1,0,0,1,1,1,1,46,25,5,57,0,2,0,0,1,1,1,1,1,5,0
12.1,20.5,54.3,9.75,35.35,1,1,1,1,1,1,1,1,1,4,39,51,11.4682352941176,41,20,6,1,0,0,1,1,1,1,5,0
8.15,0,27.95,0,0,1,0,0,1,1,0,1,0,0,2,24,25,11.4682352941176,20,1,2,1,0,1,0,1,0,0,3,1
13.65,0,0,20.75,0,1,0,0,0,0,0,0,1,0,2,59,43,4,101,22,5,1,0,1,0,0,1,0,2,0
10.25,0,0,10.75,0,1,0,0,0,0,0,0,0,0,2,65,37,11.4682352941176,56,15,1,0,0,0,0,0,1,0,2,0
17.2,0,0,13.25,0,0,0,0,0,0,0,0,0,0,1,50,27,5,22,5,3,1,0,1,0,0,1,0,2,0
21.8,27.25,42,8,0,1,0,0,1,1,1,0,1,0,3,57,37,11,108,9,1,0,0,1,1,1,1,0,4,0
12.8,16,39.2,17.25,31,1,1,1,1,1,0,1,1,1,4,61,48,14,115,20,1,0,0,1,1,1,1,1,4,0
8.1,18,45.6,56.5,66.9,1,1,1,1,0,0,1,0,1,4,34,54,31,53,22,1,0,0,0,1,1,1,1,4,0
8.95,37.75,54.1,28.5,50.75,1,1,1,0,1,1,1,1,1,4,38,53,13,71.1461632155907,12,1,0,0,0,1,1,1,1,4,0
3.35,22.5,0,9.25,0,0,1,0,1,1,1,0,1,0,3,3,24,2,71.1461632155907,3,5,1,0,1,1,0,1,0,2,0
2.5,0,25.3,13.75,0,0,0,0,1,0,0,1,0,1,1,4,47,5,123,11,1,0,0,0,0,1,1,0,4,0
3.95,0,0,0,0,0,0,0,0,0,0,0,0,0,1,15,35,0,34,12,1,0,0,0,0,0,0,0,1,0
12.95,0,33.05,0,0,1,0,0,1,0,0,0,0,1,2,25,29,8,31,3,5,1,0,1,0,1,0,0,4,1
7.05,0,0,14.5,0,0,0,0,0,1,1,1,1,0,3,21,44,25,47,12,2,0,0,1,0,0,1,0,1,0
12.9,27.75,0,8.75,0,0,0,0,0,1,1,1,1,0,3,50,37,11,48,8,2,1,0,1,1,0,1,0,3,0
14.6,33,0,15.75,0,0,0,0,0,1,1,1,1,0,3,65,64,22,13,5,3,1,1,1,1,0,1,0,2,0
18.6,0,0,0,0,0,0,0,0,0,0,0,0,0,1,59,52,18,78,25,2.31987577639752,1,0,0,0,0,0,0,1,0
6.5,0,0,16,0,0,0,0,0,1,1,0,0,0,3,29,26,7,34,7,2,0,0,1,0,0,1,0,1,0
17.45,0,39.25,10.25,0,1,0,0,1,0,0,0,0,1,2,60,46,17,81,9,2.31987577639752,0,0,1,0,1,1,0,5,0
45.05,0,33,35,0,1,0,0,1,0,0,0,0,0,2,71,45,14,86,10.9988938053097,2.31987577639752,1,.0447598253275109,0,0,1,1,0,2,0
12.2,0,38.75,9.25,28.05,0,1,1,1,1,1,1,0,1,4,38,27,0,26,2,4,1,0,0,0,1,1,1,4,1
4.7,0,0,16.5,0,0,0,0,0,0,0,0,0,0,1,16,34,5,51,8,5,1,0,1,0,0,1,0,2,0
2.45,0,29.8,0,0,0,1,0,0,0,1,0,0,1,1,7,31,10,59,10.9988938053097,1,0,.0447598253275109,0,0,1,0,0,3,0
21.1,0,38.55,0,25.3,1,0,0,1,0,0,0,0,1,2,59,53,21,112,16,1,0,0,0,0,1,0,1,4,1
6.2,18.25,36.65,10.5,28.8,1,1,1,1,1,1,1,1,0,4,22,56,14,71.1461632155907,28,2,1,0,0,1,1,1,1,4,0
4.35,13,0,8,0,0,0,0,0,1,1,0,0,0,1,18,48,20,41,2,2,1,0,1,1,0,1,0,1,0
14.2,71,73.8,38.75,62.45,1,1,1,1,1,1,1,1,1,4,64,46,19,168,26,2,1,0,.517745302713987,1,1,1,1,2,0
4.65,0,28.35,0,0,0,0,0,1,0,0,0,0,1,1,7,33,4,29,4,3,0,0,1,0,1,0,0,4,1
24.3,0,0,17.25,0,1,0,0,0,0,0,0,0,0,2,65,58,11.4682352941176,167,14,2,0,0,1,0,0,1,0,2,0
4.45,13.5,0,0,0,0,0,1,1,0,0,0,1,0,1,7,41.7487179487179,11.4682352941176,29,3,3,0,0,0,1,0,0,0,2.67150259067358,1
15,0,0,39.25,0,0,0,0,0,1,0,0,1,0,3,64,55,28,104,26,1,0,0,1,0,0,1,0,1,0
9.35,20.25,51.35,6,36,1,1,1,1,0,1,1,0,0,4,42,22,0,46,0,2,1,0,0,1,1,1,1,4,1
11,17.5,40.9,6,32.05,0,0,1,1,1,1,1,1,1,4,33,26,5,46,10.9988938053097,3,0,.0447598253275109,1,1,1,1,1,4,0
2.9,0,19.9,0,0,0,0,0,0,0,0,0,0,0,1,3,33,8,51,0,1,0,0,1,0,1,0,0,4,1
14.2,30.5,64.2,31.5,66.55,1,1,1,1,1,1,1,1,1,4,69,42,11,65,18,2,1,0,0,1,1,1,1,2,0
3.15,13.25,0,30.5,0,0,0,0,0,1,1,0,0,0,1,9,33,1,48,13,2,0,0,0,1,0,1,0,2,0
7.1,0,23.4,0,0,1,0,0,1,0,0,0,0,0,2,22,34,1,71.1461632155907,1,4,1,0,0,0,1,0,0,3,0
14.85,0,37,11,0,1,0,0,1,0,0,0,0,1,2,53,63,11.4682352941176,71.1461632155907,18,2,1,0,0,0,1,1,0,2,0
17.45,0,0,14.75,0,1,0,0,0,0,0,0,0,0,2,71,53,11.4682352941176,110,34,1,0,0,0,0,0,1,0,1,0
4.25,0,0,0,0,0,0,0,0,0,0,0,0,1,1,24,26,2,71.1461632155907,2,3,0,0,0,0,0,0,0,3,0
4.65,0,0,0,0,0,0,0,1,0,0,0,0,1,1,12,22,1,71.1461632155907,0,2,.484745762711864,0,1,0,0,0,0,3,0
14.45,0,35.95,23,24.75,1,1,1,1,0,0,0,0,1,2,25,39,1,71.1461632155907,0,4,.484745762711864,0,0,0,1,1,1,4,1
15,40,0,17.5,45.1,1,1,0,0,1,1,1,1,0,3,35.5609504132231,28,9,34,10,6,1,0,1,1,0,1,1,2,0
7.5,30.25,33.9,0,0,1,0,0,1,1,1,1,0,0,3,33,54,18,57,4,3,1,0,1,1,1,0,0,4,1
10.6,0,0,17,0,0,0,0,0,0,0,0,0,0,1,57,54,11.4682352941176,21,0,3,1,0,1,0,0,1,0,2,0
5.05,18.5,40.8,12.5,28.85,0,1,1,1,0,1,1,1,1,4,13,33,7,38,10,1,0,0,1,1,1,1,1,3,0
7.9,0,25.2,5,0,1,0,0,1,0,0,0,0,0,2,13,21,2,19,0,1,0,0,1,0,1,1,0,3,1
36.25,27.75,0,38.5,0,1,1,0,0,0,1,0,1,0,3,71,39,2,40,17,1,0,0,0,1,0,1,0,3,0
6.35,27.25,53.95,11.75,63,1,1,1,1,1,1,1,1,1,4,18,69,11,58,8,2,.484745762711864,0,0,1,1,1,1,3,0
7.45,0,0,0,0,0,0,0,0,0,0,0,0,0,1,17,51,10,71.1461632155907,15,2,1,0,1,0,0,0,0,2,1
9.25,0,22.7,0,0,0,0,0,0,0,0,0,0,0,1,22,43,4,114,19,1,0,0,0,0,1,0,0,2,0
21.2,24,0,14.5,0,1,0,0,0,1,1,1,1,0,3,65,65,27,128,24,2,.484745762711864,0,0,1,0,1,0,3,0
2.8,0,0,0,0,0,0,0,1,0,0,0,0,1,1,7,40,11.4682352941176,33,2,1,0,0,1,0,0,0,0,4,0
89.4,0,46.55,18.75,0,1,1,1,1,0,0,1,1,0,4,72,66,30,460,41,1,.484745762711864,0,1,0,1,1,0,4,0
7.7,0,0,9.5,0,0,0,0,0,0,0,0,0,0,1,35,43,12,224,17,1,.484745762711864,0,0,0,0,1,0,3,0
4.45,26.25,0,9.75,35.9,0,0,1,1,1,1,1,1,0,4,24,39,2,122,12,3,0,0,0,1,0,1,1,4,0
7,0,35.55,0,0,1,0,0,1,0,1,0,1,0,2,64,24,0,23,1,5,1,0,1,0,1,0,0,3,0
12.7,0,0,7,0,1,0,0,0,0,0,0,0,0,2,63,63,19,191,27,2,1,0,0,0,0,1,0,3,0
12.65,21.25,0,34,47.85,0,1,1,0,1,1,1,1,0,4,38,31,7,187,6,3,.484745762711864,0,0,1,0,1,1,4,1
4.6,0,0,0,0,0,0,0,0,0,0,0,0,0,1,29,37,9,119,12,3,1,0,0,0,0,0,0,3,0
99.95,0,0,12.5,0,1,0,0,0,0,1,0,1,0,3,72,69,11.4682352941176,71.1461632155907,44,2,1,1,1,0,0,1,0,2,0
7.5,12.75,48.65,7.5,39.5,1,1,1,1,1,1,1,1,1,4,10,27,2,15,2,2,1,0,1,1,1,1,1,3,1
49.6,32.75,0,48.75,60.15,1,1,0,0,1,1,1,1,0,3,72,64,41,674,37,1,0,0,1,1,0,1,1,4,0
13.1,18.25,0,18.75,0,1,0,0,0,1,1,1,1,0,3,52,23,4,33,0,2,1,0,1,1,0,1,0,4,0
4.1,0,0,0,0,0,0,0,0,0,0,0,0,0,1,13,55,3,250,35,2,0,0,1,0,0,0,0,2,0
2.15,0,20.75,0,0,0,0,0,0,0,0,0,0,1,1,3,33,6,64,0,2,0,0,0,0,1,0,0,4,1
10.4,0,0,12.5,0,0,0,0,0,0,0,0,0,1,1,39,24,2,71.1461632155907,4,4,1,0,0,0,0,1,0,2,1
3.7,0,0,0,0,1,0,0,1,0,0,1,1,1,2,28,29,4,23,5,2,.484745762711864,0,0,0,0,0,0,3,0
14.25,0,0,21,0,1,0,0,0,0,0,0,0,0,2,46,42,9,52,7,3,0,0,0,0,0,1,0,4,0
26.25,0,0,74,0,0,0,0,0,0,0,0,0,0,1,62,46,11.4682352941176,200,10.9988938053097,1,.484745762711864,.0447598253275109,1,0,0,1,0,3,0
6.9,0,0,14,0,0,0,0,0,1,1,1,0,0,3,23,33,7,28,4,2,1,0,0,0,0,1,0,1,0
6.95,25,36.7,0,0,1,1,0,1,0,1,1,0,1,4,23,25,5,19,0,3,1,0,0,1,1,0,0,5,1
54.8,67.25,51.35,69.5,55.5,1,1,1,1,1,1,1,1,0,4,72,61,39,71.1461632155907,21,2,1,0,0,1,1,1,1,3,0
7.75,0,29.3,0,26.15,0,0,0,0,0,0,0,0,1,1,56,60,11.4682352941176,71.1461632155907,20,1,0,0,0,0,1,0,1,2,0
4.25,0,0,13.25,0,0,0,0,0,1,0,1,1,0,3,8,30,1,34,9,1,0,0,1,0,0,1,0,2,0
2.7,13,24,0,0,1,1,1,0,0,0,1,0,1,4,3,36,7,71.1461632155907,3,3,0,0,1,1,1,0,0,5,0
6.85,0,0,0,0,0,0,0,0,0,0,0,0,1,1,37,37,7,172,10.9988938053097,1,.484745762711864,.0447598253275109,0,0,0,0,0,3,0
12.55,23.5,0,10.25,0,0,0,0,0,1,1,1,1,0,3,37,53,11.4682352941176,48,10,3,1,0,0,1,0,1,0,1,0
1.35,0,0,0,0,0,0,0,0,0,0,0,0,0,1,6,30,9,45,2,1,0,0,1,0,0,0,0,2,1
15.3,28.5,0,16,32.55,1,1,1,0,1,1,1,1,0,4,48,47,9,72,13,5,.484745762711864,0,0,1,0,1,1,3,1
9.1,40.75,48.4,16,50.6,0,1,1,1,1,1,1,1,0,4,43,43,3,55,18,4,1,0,1,1,1,1,1,2.67150259067358,0
4.5,17,36.2,19.25,33.4,0,0,0,1,0,1,1,0,0,1,21,29,7,40,2,4,.484745762711864,0,1,1,1,1,1,4,0
6.1,18.75,0,24.25,22.8,0,1,0,1,1,1,1,1,0,3,6,33,12,26,0,1,.484745762711864,0,0,1,0,1,1,3,1
33.95,87,0,33.5,0,1,0,0,0,1,1,1,1,0,3,69,51,18,96,33,4,0,0,0,1,0,1,0,1,0
11.05,22.25,0,18.75,0,0,0,0,0,1,1,1,1,0,3,22,41.7487179487179,9,54,10,1,0,0,0,1,0,1,0,1,0
8.1,29.5,0,28.5,0,0,0,0,0,1,1,1,1,0,3,28,40,1,71.1461632155907,9,3,1,0,1,1,0,1,0,2,0
32.2,0,0,82.25,0,1,0,0,0,0,0,0,0,0,2,71,47,23,142,30,2,1,0,0,0,0,1,0,1,0
3.8,0,0,0,0,0,0,0,0,0,0,0,1,0,1,7,37,5,57,1,1,0,0,0,0,0,0,0,4,0
13.3,31,62.35,10,96.25,1,1,1,1,1,1,1,1,1,4,63,29,10,20,7,2,0,0,0,1,1,1,1,3,0
7.7,0,0,9.25,0,1,0,0,0,0,0,1,0,0,2,53,57,11.4682352941176,37,10.9988938053097,1,0,.0447598253275109,0,0,0,1,0,1,0
11.95,55,0,48,85.85,1,1,1,0,1,1,1,1,1,4,50,52,17,36,16,4,1,0,0,1,0,1,1,4,0
13.9,0,33.3,16.5,0,0,0,1,0,1,1,1,1,1,4,39,31,11.4682352941176,24,2,2,1,0,0,0,1,1,0,4,0
5.25,0,0,0,0,0,0,0,0,0,1,0,0,0,1,16,19,0,21,0,1,0,0,1,0,0,0,0,2,0
18.9,59.75,0,20.25,59.15,1,1,1,0,1,1,1,1,0,4,43,51,15,186,25,2,1,0,0,1,0,1,1,3,0
8,0,0,13,0,0,0,0,0,0,0,0,0,0,1,44,31,12,30,7,3,.484745762711864,0,1,0,0,1,0,1,0
35.15,34.75,0,21.5,50.7,1,1,0,0,1,1,1,1,1,4,35.5609504132231,66,43,96,16,2,1,0,1,1,0,1,1,2,0
18.6,52.75,0,24,0,1,0,1,0,1,1,1,1,0,3,61,76,11.4682352941176,15,29,1,0,1,0,1,0,1,0,1,0
7.6,0,0,0,0,1,0,0,1,0,0,1,1,0,2,43,21,1,25,4,4,1,0,0,0,0,0,0,1,1
7.45,0,30.9,0,0,0,0,0,1,0,0,0,0,0,1,24,39,11.4682352941176,49,7,1,0,0,1,0,1,0,0,3,0
13.75,22.75,0,10.25,0,1,1,0,0,1,0,1,1,0,3,64,45,4,38,7,1,0,0,1,1,0,1,0,2,1
17.5,15.5,0,16.75,0,1,0,0,0,0,0,0,0,0,2,64,38,11.4682352941176,29,2,2,0,0,0,1,0,1,0,2,0
7.6,0,0,0,0,0,0,0,0,0,1,0,0,0,1,24,26,7,55,7,1,0,0,1,0,0,0,0,2,0
5.15,14.5,0,24.75,0,0,0,0,0,0,0,1,1,0,1,33,55,21,64,10,3,1,0,1,1,0,1,0,3,0
8.8,0,30.95,23,23.35,1,1,0,0,0,0,0,0,0,2,33,33,12,42,7,2.31987577639752,.484745762711864,0,1,0,1,1,1,4,0
3.9,0,23.8,0,0,0,0,0,1,0,0,0,0,1,1,2,40,11.4682352941176,134,2,1,0,0,0,0,1,0,0,4,0
9.3,25,0,17,0,1,0,0,1,1,1,1,0,1,4,42,48,22,82,21,5,1,0,1,1,0,1,0,1,0
11.05,0,36.3,0,30.15,1,1,0,1,1,0,0,0,1,2,52,54,5,71.1461632155907,10,2,1,0,0,0,1,0,1,5,1
7.75,0,0,13,0,1,0,0,1,0,0,0,0,0,2,45,66,43,71.1461632155907,13,1,0,0,1,0,0,1,0,2,0
2.85,0,28.25,19.5,0,0,1,0,1,0,1,1,1,1,4,3,25,4,22,0,2,0,0,0,0,1,1,0,4,1
21.3,0,0,0,0,0,0,0,0,0,1,1,0,0,3,37,41.7487179487179,16,35,16,4,1,0,1,0,0,0,0,1,0
4.05,0,31.45,0,0,1,1,0,1,0,0,1,0,1,2,28,57,33,71.1461632155907,22,1,0,0,1,0,1,0,0,4,1
10.9,0,0,41,0,0,0,0,0,0,0,0,0,0,1,40,63,9,71.1461632155907,22,2,1,0,0,0,0,1,0,1,0
16.3,0,33.35,10.25,37.9,1,0,1,1,1,1,0,0,1,4,37,33,1,102,12,1,0,0,0,0,1,1,1,2,0
4.15,15,46.05,0,41.85,1,1,1,1,1,1,1,0,1,4,7,27,5,31,4,5,0,0,0,1,1,0,1,3,1
14.2,27,0,30,0,1,1,1,0,0,1,1,1,0,4,71,56,23,170,30,1,0,0,1,1,0,1,0,1,0
6.05,0,0,5,0,0,0,0,1,0,1,0,1,1,1,19,46,11,26,0,1,0,0,1,0,0,1,0,2,0
13.65,29.25,0,22.75,0,1,0,0,0,1,1,1,1,1,3,61,40,15,85,15,1,0,0,1,1,0,1,0,3,0
32.9,0,0,15,0,1,0,0,0,0,0,0,0,0,2,70,53,16,183,35,2,1,0,.517745302713987,0,0,1,0,2,0
10.75,0,0,14.75,0,0,0,0,0,0,0,0,0,0,1,60,55,13,71.1461632155907,10.9988938053097,2,1,.0447598253275109,1,0,0,1,0,1,0
9.25,0,0,0,0,0,0,0,0,0,1,0,0,0,1,48,45,5,42,11,2,1,0,1,0,0,0,0,1,0
2.25,13.75,0,11.25,0,0,0,0,0,1,0,1,1,0,3,8,63,1,31,9,2,1,0,0,1,0,1,0,1,0
12.5,23,0,0,0,1,0,0,0,1,1,0,1,0,3,58,58,10,71.1461632155907,17,4,1,0,0,1,0,0,0,2,0
9.4,0,0,14.75,0,0,0,0,0,1,1,1,0,0,3,16,24,5,24,2,2.31987577639752,1,0,0,0,0,1,0,3,0
5.05,0,0,0,0,0,0,0,0,1,0,0,0,0,1,33,33,4,53,14,1,0,0,1,0,0,0,0,2,0
6.75,0,0,0,0,1,0,0,0,1,1,0,1,0,3,39,25,4,18,0,1,0,0,1,0,0,0,0,1,0
27.15,0,42.7,17,41.15,1,0,1,1,1,0,0,0,1,2,62,51,10,43,19,2,0,0,0,0,1,1,1,4,0
27.5,21.75,52.1,20.25,47.9,1,1,1,1,1,1,1,1,1,4,50,34,11.4682352941176,104,9,1,0,0,0,1,1,1,1,3,0
12.15,0,0,0,0,0,0,0,0,0,0,0,0,0,1,48,55,11.4682352941176,26,1,1,0,0,0,0,0,0,0,1,0
4.3,22.25,0,13.75,0,0,1,0,0,1,1,1,1,0,3,31,62,11.4682352941176,56,26,1,0,0,1,1,0,1,0,2,0
42.9,17.25,0,17.5,0,1,0,0,0,0,0,1,0,0,2,65,33,9,49,6,5,1,0,0,1,0,1,0,2,0
8.5,0,0,8.5,0,1,0,0,0,0,1,0,0,0,2,36,58,34,71.1461632155907,21,1,0,0,1,0,0,1,0,1,0
28.9,39.25,0,84.75,0,1,1,0,0,1,1,1,1,0,3,61,46,5,318,18,1,0,0,1,1,0,1,0,3,0
12.9,0,0,0,0,1,0,0,0,0,1,1,0,0,3,48,42,21,35,5,1,0,0,0,0,0,0,0,4,0
8.4,0,0,0,0,0,0,0,0,0,0,1,0,0,1,35,45,17,29,6,1,0,0,.517745302713987,0,0,0,0,1,0
11.15,35,77.7,20,80.35,1,1,1,1,1,1,1,1,1,4,51,28,8,43,1,5,0,0,0,1,1,1,1,5,0
5.75,0,51.75,36,36.7,1,1,1,1,1,1,1,1,1,4,49,51,5,71.1461632155907,3,2,1,0,0,0,1,1,1,5,1
6.85,27.75,0,0,0,0,0,1,0,0,0,1,1,0,3,35,39,11,30,2,3,1,0,1,1,0,0,0,3,1
23.3,0,48.35,29.75,35.15,1,0,0,1,0,0,0,1,0,2,58,70,2,9,24,1,0,1,1,0,1,1,1,3,0
6.7,0,0,0,0,0,0,0,0,1,0,1,1,0,3,23,35,0,23,1,5,1,0,0,0,0,0,0,2,0
8.65,21.25,0,6.5,19.65,0,0,0,1,1,0,1,1,0,3,26,39,15,58,9,2,1,0,1,1,0,1,1,4,0
12.2,41.5,0,18.75,54.4,1,1,1,0,1,1,1,1,0,4,38,37,1,52,20,4,1,0,1,1,0,1,1,1,0
4.7,31,0,0,0,0,0,0,0,1,1,1,1,0,3,35,66,44,71.1461632155907,12,2,.484745762711864,1,1,1,0,0,0,3,0
9.65,28.5,0,11.25,0,0,0,0,0,1,1,1,1,0,3,37,50,9,71.1461632155907,21,1,0,0,.517745302713987,1,0,1,0,2,0
15.5,19.25,29.6,31.5,0,1,0,0,0,0,1,0,0,0,2,48,43,1,60,12,2,1,0,0,1,1,1,0,2,0
3.85,23,33.05,6.75,0,0,0,1,1,1,1,1,0,1,4,13,43,1,123,10.9988938053097,5,1,.0447598253275109,0,1,1,1,0,3,0
20.6,0,0,31.25,0,1,0,0,0,0,0,1,1,0,3,72,63,29,71.1461632155907,31,2,.484745762711864,1,0,0,0,1,0,5,0
10.75,0,0,21.25,0,1,0,0,1,0,0,0,0,0,2,30,27,4,47,2,2,0,0,1,0,0,1,0,4,1
6.65,20.25,0,8,24.65,1,0,0,1,1,1,0,1,0,3,24,43,14,138,11,1,0,0,1,1,0,1,1,4,0
5.75,27.5,39.2,40.5,21.4,0,1,1,0,1,1,1,1,0,4,25,51,20,359,10.9988938053097,2,.484745762711864,.0447598253275109,0,1,1,1,1,3,0
11.5,26.25,40.7,12,48.3,1,1,0,1,1,1,1,1,1,4,50,52,30,214,22,1,0,0,0,1,1,1,1,3,0
6,27.5,0,0,0,0,0,0,0,1,0,0,1,0,3,28,40,7,64,19,1,0,0,0,1,0,0,0,2.67150259067358,0
16.15,0,0,15.75,0,0,1,0,0,0,0,0,0,1,1,34,51,8,71.1461632155907,14,1,.484745762711864,0,0,0,0,1,0,4,0
6.15,33.75,0,29.75,44.75,1,1,1,1,1,1,1,1,0,4,48,32,2,88,9,1,0,0,0,1,0,1,1,3,0
9.8,0,30.6,0,0,1,0,0,0,0,0,0,0,0,2,42,36,8,86,15,2,1,0,1,0,1,0,0,2,0
21.7,26.25,0,12,0,1,0,0,0,1,0,1,0,0,3,67,65,30,71.1461632155907,29,2,1,1,1,1,0,1,0,1,0
6.45,0,29,0,0,0,0,0,1,1,1,1,0,1,3,17,41,7,25,17,3,1,0,0,0,1,0,0,2,0
8.35,0,22.95,0,0,1,0,0,0,0,0,0,0,1,2,29,38,11.4682352941176,46,6,2,1,0,0,0,1,0,0,2,0
12.75,0,0,38.5,0,1,0,0,0,0,0,0,1,0,2,66,61,26,361,40,1,0,0,1,0,0,1,0,1,0
2.7,0,32.7,0,0,0,0,0,1,0,0,0,1,1,1,35.5609504132231,21,1,18,0,1,0,0,1,0,1,0,0,3,1
4.55,15.75,33,0,23.95,1,0,1,1,0,1,1,0,1,4,28,33,3,14,1,3,1,0,0,1,1,0,1,4,1
5.15,0,25.55,0,0,1,0,0,1,0,0,0,0,1,2,15,41.7487179487179,11.4682352941176,34,8,2,1,0,0,0,1,0,0,3,1
3.8,30,32.8,8.5,0,0,0,0,1,1,1,1,1,1,3,12,64,13,9,6,1,0,1,1,1,1,1,0,2,0
7,24.5,42.8,23.5,30.75,1,1,1,0,1,1,1,1,0,4,48,49,18,39,5,1,0,0,1,1,1,1,1,2,1
20.1,0,32.55,22.75,0,0,0,0,0,0,0,0,0,0,1,35.5609504132231,25,4,18,10.9988938053097,4,1,.0447598253275109,0,0,1,1,0,3,0
3.15,0,20.05,0,0,0,0,0,1,0,0,0,0,1,1,8,41.7487179487179,1,25,1,2,1,0,0,0,1,0,0,4,1
9.4,0,0,8.75,0,1,0,0,0,0,0,0,0,1,2,45,52,15,71.1461632155907,8,1,0,0,1,0,0,1,0,5,1
3.95,0,30.75,0,0,1,0,0,0,0,0,0,0,0,2,25,39,8,94,10.9988938053097,2.31987577639752,1,.0447598253275109,1,0,1,0,0,4,1
7.55,41,42.35,23.5,35.75,0,1,1,1,1,1,1,1,0,4,21,44,4,26,2,2,1,0,0,1,1,1,1,3,0
3.55,18.75,0,29.25,27.9,0,1,1,0,1,1,1,1,0,4,35.5609504132231,68,1,335,10.9988938053097,3,1,.0447598253275109,1,1,0,1,1,1,0
7.8,0,42.4,14,23.2,0,0,0,1,0,0,1,1,1,1,41,45,14,25,6,1,0,0,0,0,1,1,1,3,1
8.7,0,0,23.75,0,0,1,0,1,1,0,1,0,0,3,13,45,3,99,8,2,.484745762711864,0,1,0,0,1,0,3,1
1.05,0,15.4,0,0,0,0,0,0,0,0,0,0,1,1,1,26,3,30,7,5,1,0,1,0,1,0,0,2,1
4.35,12.75,34.05,0,21.5,0,1,1,1,1,0,1,0,1,4,3,31,4,35,2,2.31987577639752,1,0,1,1,1,0,1,2,1
3.9,0,24.15,0,0,0,1,0,0,0,0,0,0,0,1,23,27,2,51,1,2,1,0,1,0,1,0,0,5,1
3.5,25,43.65,24.5,27.7,1,1,1,1,1,1,1,1,1,4,26,42,20,49,13,1,0,0,0,1,1,1,1,3,1
9.55,16.5,0,8.25,0,1,0,0,0,0,1,0,1,0,3,37,51,15,71.1461632155907,15,2.31987577639752,1,0,0,1,0,1,0,2.67150259067358,0
4.3,0,32.1,0,0,1,0,0,1,0,0,0,0,1,2,5,30,11.4682352941176,46,7,1,0,0,0,0,1,0,0,4,1
5.5,16,42.65,3.75,41.3,0,1,1,1,1,0,0,1,1,4,32,27,11.4682352941176,91,10.9988938053097,3,1,.0447598253275109,1,1,1,1,1,4,1
4.05,0,0,0,0,0,0,0,0,0,0,1,0,0,1,12,22,1,71.1461632155907,0,2,0,0,0,0,0,0,0,4,0
75.45,0,0,18.25,0,1,0,0,0,0,1,0,1,0,3,72,54,11.4682352941176,345,32,2,1,0,0,0,0,1,0,1,0
3,15.75,31.15,0,0,0,0,0,1,0,0,0,0,1,1,3,25,2,71.1461632155907,0,2,1,0,1,1,1,0,0,2.67150259067358,1
14.35,32.25,0,16.75,0,1,0,0,0,1,1,1,1,0,3,54,43,12,53,12,1,0,0,0,1,0,1,0,2,0
7.8,36.5,38.7,0,27.9,1,0,1,1,1,0,1,1,1,4,26,26,2,14,6,1,0,0,1,1,1,0,1,2,1
14.05,0,25.1,0,0,0,0,0,1,0,1,0,0,0,1,14,36,13,67,4,1,0,0,1,0,1,0,0,5,0
9,0,30.45,17.5,0,0,0,1,0,0,0,1,0,1,1,22,51,27,49,1,1,0,0,0,0,1,1,0,3,0
19.05,0,0,14,0,0,0,0,0,0,0,0,0,0,1,65,47,11.4682352941176,37,15,4,1,0,1,0,0,1,0,1,0
9.6,24.25,0,11.25,0,0,0,0,0,0,0,0,1,0,1,26,45,11.4682352941176,33,9,1,0,0,0,1,0,1,0,1,0
4.9,0,44.6,6.25,41.35,1,1,1,1,1,0,1,1,1,4,20,37,5,46,10,4,0,0,1,0,1,1,1,3,0
18.85,0,32,42.75,0,1,0,0,0,0,0,0,0,1,2,67,60,32,93,21,4,1,0,0,0,1,1,0,1,0
4.25,0,0,0,0,0,0,0,0,0,0,0,0,0,1,34,55,2,48,11,1,0,0,0,0,0,0,0,2,0
7.3,20.5,0,7.5,0,0,0,0,0,1,1,0,1,0,3,37,54,35,71.1461632155907,22,3,1,0,0,1,0,1,0,2,0
5.4,0,0,8.5,0,0,0,0,0,0,0,0,0,0,1,22,23,11.4682352941176,16,5,4,1,0,0,0,0,1,0,1,0
6.65,9.75,0,8,0,0,0,0,0,0,0,0,0,0,1,5,69,11.4682352941176,11,14,1,0,1,0,1,0,1,0,2,0
12.25,23.75,0,0,0,1,0,0,0,1,0,0,1,0,3,28,31,0,42,5,3,1,0,1,1,0,0,0,4,0
7.25,0,0,0,0,0,0,0,0,0,0,0,0,0,1,20,41,7,67,14,4,1,0,1,0,0,0,0,4,0
27.3,23.25,69.4,7.75,52.4,1,1,1,1,1,1,0,1,1,4,72,41,20,181,12,1,0,0,0,1,1,1,1,4,0
7,0,26.8,0,0,0,0,0,1,0,0,0,1,1,1,30,43,18,53,6,1,0,0,0,0,1,0,0,4,0
49.25,41.5,50.9,27.25,68.1,1,1,1,1,1,1,1,1,0,4,71,52,17,172,32,2.31987577639752,0,0,0,1,1,1,1,2,0
14.75,42.25,0,16.25,0,0,0,0,0,1,1,1,1,0,3,56,44,24,87,19,1,0,0,0,1,0,1,0,2,0
4.15,0,24.3,0,0,0,0,0,0,0,0,0,0,0,1,8,29,2,21,10.9988938053097,2,.484745762711864,.0447598253275109,0,0,1,0,0,5,1
6.25,0,0,0,0,1,0,0,1,0,0,0,0,1,2,32,65,6,71.1461632155907,30,1,0,1,1,0,0,0,0,2,0
3.5,28.25,0,0,0,0,0,0,0,0,1,1,1,0,3,46,47,22,144,22,2,0,0,1,1,0,0,0,3,1
12.4,28,51.7,19.5,52.9,1,1,1,1,1,1,1,1,1,4,60,45,23,117,11,3,1,0,0,1,1,1,1,4,0
16.7,38.25,53.45,22.75,72.6,1,1,1,1,1,1,1,1,0,4,42,32,0,71.1461632155907,4,6,1,0,1,1,1,1,1,4,0
23.55,48.25,0,21,0,1,1,1,0,1,1,1,1,0,4,71,60,11.4682352941176,71.1461632155907,35,4,1,0,0,1,0,1,0,4,0
81.55,62.25,0,15.5,0,1,0,1,0,1,1,1,1,0,3,72,63,40,71.1461632155907,43,2,1,1,1,1,0,1,0,2,0
6.05,0,0,21.25,0,0,0,0,0,1,0,0,0,0,1,45,66,11,87,25,1,0,1,1,0,0,1,0,3,0
1.6,17.25,31.1,12.75,19.85,0,1,0,0,1,1,1,1,0,3,5,31,11.4682352941176,34,9,1,0,0,0,1,1,1,1,1,1
8.55,0,0,0,0,1,0,0,0,0,0,0,0,0,2,17,38,19,18,0,4,1,0,1,0,0,0,0,4,0
26.7,42.75,0,20.5,0,1,1,0,0,1,1,1,1,0,3,70,55,12,71.1461632155907,24,1,0,0,0,1,0,1,0,3,0
13.55,0,30.65,12.75,0,1,0,0,1,0,0,0,0,1,2,57,57,19,130,27,2,1,0,1,0,1,1,0,3,0
6.4,0,29.05,0,0,1,0,0,0,0,0,1,1,1,2,20,33,11.4682352941176,44,8,1,.484745762711864,0,1,0,1,0,0,3,0
41.95,25.75,0,33.25,0,1,0,0,0,1,1,1,1,0,3,72,52,21,71.1461632155907,24,3,1,0,0,1,0,1,0,1,0
4.6,38.5,0,37.75,23.5,0,0,0,0,1,1,1,1,0,3,32,50,28,71.1461632155907,10.9988938053097,1,0,.0447598253275109,0,1,0,1,1,4,0
3,0,0,6,0,0,0,0,0,1,0,1,1,0,3,22,57,7,264,35,2,1,0,1,0,0,1,0,1,0
4.4,9,0,28.25,0,0,0,0,0,1,1,1,1,0,3,6,24,11.4682352941176,28,5,2,0,0,0,1,0,1,0,1,1
11,24,31.1,28.25,0,1,1,0,1,1,1,1,1,0,4,32,23,2,26,1,6,1,0,1,1,1,1,0,3,0
10.95,0,27.2,12.25,0,1,0,0,1,0,0,0,0,1,2,38,33,3,38,0,1,0,0,0,0,1,1,0,2.67150259067358,0
16.85,23.25,0,18.5,0,0,0,1,0,0,1,1,0,0,3,53,35,11.4682352941176,59,5,1,.484745762711864,0,1,1,0,1,0,3,0
7.5,0,0,6.25,0,0,0,0,0,0,0,0,0,0,1,37,76,38,117,10.9988938053097,1,0,.0447598253275109,.517745302713987,0,0,1,0,4,0
10.75,33,47.4,0,45.85,1,1,1,1,1,1,0,1,1,4,47,35,13,70,9,2,.484745762711864,0,1,1,1,0,1,4,1
16,30.5,0,13.75,0,1,1,0,0,1,1,1,1,0,3,69,59,37,104,13,1,0,0,0,1,0,1,0,2,0
18.4,0,0,24.75,0,0,0,0,0,0,0,0,1,0,1,63,56,17,71.1461632155907,18,1,0,0,1,0,0,1,0,3,0
18.85,30,51.95,18.75,47.3,1,1,1,1,1,1,1,1,1,4,61,34,0,70,7,3,1,0,1,1,1,1,1,3,1
25.1,26.75,44.95,11.5,27.4,0,0,1,1,1,1,0,0,1,4,56,38,11.4682352941176,56,10,2,1,0,0,1,1,1,1,4,0
13.35,25.75,0,0,0,0,0,0,0,0,1,0,1,0,3,40,57,18,68,23,2,1,0,0,1,0,0,0,1,0
18.1,0,0,35.25,0,1,0,0,0,0,0,0,0,0,2,61,45,21,80,13,1,0,0,1,0,0,1,0,2,0
3.55,11,44.75,0,30.8,1,1,1,1,0,0,1,0,1,4,16,26,7,21,1,2.31987577639752,0,0,0,1,1,0,1,4,0
4.45,0,0,0,0,0,0,0,0,0,0,0,0,0,1,7,43,4,69,5,1,0,0,1,0,0,0,0,2.67150259067358,0
7.75,0,0,0,0,0,0,0,0,0,0,0,0,0,1,20,31,10,39,3,2,1,0,1,0,0,0,0,2,0
6.8,17.75,0,14,0,1,0,1,1,0,1,0,0,1,2,35,38,7,90,18,4,0,0,0,1,0,1,0,2,0
14.85,0,0,17.5,0,1,0,0,0,0,0,0,0,0,2,60,37,12,64,1,2,1,0,1,0,0,1,0,5,0
7.75,19.75,35.15,17,31.15,0,1,1,0,1,1,1,1,1,4,47,25,2,71.1461632155907,6,1,0,0,0,1,1,1,1,2,0
7.5,0,0,15.75,0,0,0,0,0,0,0,0,0,1,1,33,28,11.4682352941176,24,0,6,1,0,1,0,0,1,0,2,0
4.05,0,0,0,0,0,0,0,0,0,0,0,0,0,1,12,34,11.4682352941176,44,7,1,0,0,0,0,0,0,0,2,0
5.4,0,28.35,0,0,1,0,1,1,0,0,0,0,1,2,10,31,0,71.1461632155907,7,2,0,0,1,0,1,0,0,4,1
29.95,0,0,29,0,1,0,0,0,0,0,1,1,0,3,69,33,9,52,9,3,1,0,1,0,0,1,0,4,0
7.5,0,0,0,0,1,0,0,0,0,0,0,0,0,2,23,20,11.4682352941176,15,0,1,0,0,1,0,0,0,0,3,0
27.1,18.5,42.5,37.5,0,1,0,1,1,0,0,0,0,0,2,53,31,10,46,6,2,0,0,0,1,1,1,0,3,0
17.55,30.75,0,21.25,46.7,1,0,1,0,1,1,1,1,0,3,60,57,14,71.1461632155907,33,2,1,0,1,1,0,1,1,2,0
13.45,0,0,16,0,0,0,0,0,0,1,0,0,0,1,33,33,7,56,11,1,0,0,0,0,0,1,0,2,0
24.35,0,46.6,15.25,37.45,1,1,1,1,1,0,1,0,1,4,67,40,21,40,10.9988938053097,4,1,.0447598253275109,1,0,1,1,1,4,0
5.4,18,0,15,0,0,0,0,0,1,1,1,0,0,3,15,38,11.4682352941176,56,13,3,1,0,.517745302713987,1,0,1,0,3,0
24.15,0,34.8,17.75,33.2,1,1,0,1,0,0,1,0,1,2,64,31,5,46,7,4,1,0,1,0,1,1,1,2,0
7.25,0,0,21.75,0,0,0,0,0,0,0,0,0,0,1,46,49,13,51,21,2,1,0,.517745302713987,0,0,1,0,2,1
53.75,68.5,0,10.25,43.95,1,1,1,0,1,1,1,1,0,4,72,60,33,71.1461632155907,20,3,1,1,0,1,0,1,1,1,0
25.05,39,56.8,32.75,51,1,1,1,1,1,1,1,1,1,4,61,43,6,34,6,3,.484745762711864,0,0,1,1,1,1,5,1
12.4,35,48.3,5.75,43.5,1,1,1,1,1,1,0,1,1,4,54,27,3,27,6,5,0,0,1,1,1,1,1,2,0
12.9,28.25,0,14,0,0,0,0,1,1,1,1,1,0,3,28,36,3,42,7,1,0,0,1,1,0,1,0,3,0
5.05,0,46.9,0,42.65,1,1,1,1,0,0,0,1,1,4,28,38,8,119,2,3,.484745762711864,0,0,0,1,0,1,5,1
18.3,33.5,0,15.5,17.45,0,0,0,0,1,1,1,1,0,3,32,43,13,146,27,1,0,0,1,1,0,1,1,1,0
12.5,0,0,15,0,1,0,0,0,0,0,0,0,0,2,52,46,17,51,13,3,0,0,1,0,0,1,0,2,0
16.35,33.5,38.95,18.75,30.6,0,1,0,0,1,1,1,1,1,3,48,62,33,71.1461632155907,10.9988938053097,1,0,.0447598253275109,.517745302713987,1,1,1,1,1,0
19.65,31,0,19.75,0,0,0,0,1,1,1,1,1,0,3,52,42,17,27,8,2,1,0,1,1,0,1,0,3,0
8.1,0,0,0,0,1,0,0,0,0,0,0,0,0,2,37,43,8,38,9,1,0,0,0,0,0,0,0,3,0
7.65,25,0,13.5,0,0,1,0,0,1,1,1,1,0,3,41,52,26,928,29,3,0,0,0,1,0,1,0,3,0
12.65,0,0,16.5,0,1,0,0,0,0,0,0,0,0,2,43,27,3,21,1,3,1,0,1,0,0,1,0,2,0
25.1,0,0,21.5,0,1,1,0,0,0,0,1,1,0,3,67,41.7487179487179,24,71.1461632155907,6,1,0,0,1,0,0,1,0,1,0
13.8,0,0,47,0,0,0,0,0,0,0,0,0,0,1,61,52,30,71.1461632155907,25,2,1,0,.517745302713987,0,0,1,0,1,0
30.3,26.5,0,51.25,0,1,0,0,0,1,0,0,1,0,3,70,39,20,38,8,4,.484745762711864,0,1,1,0,1,0,2,0
5.25,22,61.95,8.75,57.8,1,1,1,1,1,1,1,1,1,4,44,32,1,96,5,4,1,0,1,1,1,1,1,4,0
10.95,0,24.5,9.75,0,1,0,0,1,0,0,0,0,1,2,46,45,12,96,17,1,0,0,0,0,1,1,0,3,0
6.5,0,0,13.25,0,0,0,0,0,0,0,0,0,0,1,39,34,11.4682352941176,54,5,1,0,0,0,0,0,1,0,3,0
8.2,15,0,0,0,1,1,0,1,1,1,0,0,0,2,39,59,20,71.1461632155907,27,1,.484745762711864,0,1,1,0,0,0,4,0
13.2,46,53.15,11.5,46.4,1,1,1,0,1,1,1,1,0,4,50,29,10,53,10.9988938053097,4,1,.0447598253275109,1,1,1,1,1,4,0
2.6,0,0,0,0,0,0,0,0,0,0,0,0,1,1,5,31,1,21,1,2,0,0,1,0,0,0,0,3,1
4.3,0,32.55,0,25.4,1,0,0,1,0,0,0,0,1,2,10,34,1,52,3,1,0,0,1,0,1,0,1,5,1
38.2,0,0,28.25,0,1,0,0,0,0,0,0,0,0,2,72,69,45,17,36,1,0,1,1,0,0,1,0,3,0
31.6,0,0,26,0,1,0,0,0,1,1,1,0,0,3,68,60,40,71.1461632155907,39,1,0,0,1,0,0,1,0,2,0
19.9,0,41.7,23.75,0,1,1,1,1,0,0,0,0,1,2,58,28,5,34,1,1,0,0,1,0,1,1,0,5,0
2.25,0,0,0,0,0,0,0,0,0,0,0,0,0,1,18,44,10,107,19,7,1,0,1,0,0,0,0,1,0
9.85,20.75,27.65,36,0,1,0,0,0,0,1,0,1,0,3,65,45,25,67,10.9988938053097,2,1,.0447598253275109,1,1,1,1,0,5,0
4.65,0,32.05,0,0,1,0,0,1,0,0,0,0,1,2,8,45,11.4682352941176,37,0,1,0,0,0,0,1,0,0,4,1
.9,0,23.85,0,0,0,1,1,0,1,0,0,0,1,1,1,20,1,21,0,2,0,0,1,0,1,0,0,2,1
3.6,0,0,0,0,1,0,0,0,0,0,0,0,0,2,42,58,7,71.1461632155907,4,1,0,0,1,0,0,0,0,1,0
3.6,0,28.7,0,0,0,1,0,1,0,0,0,0,1,1,4,25,11.4682352941176,71,10.9988938053097,5,1,.0447598253275109,1,0,1,0,0,3,0
8.1,15,0,0,0,0,0,0,0,1,1,1,0,0,3,17,35,4,77,10.9988938053097,1,0,.0447598253275109,1,1,0,0,0,3,0
2.95,17,39.3,20,34.3,0,1,1,1,1,1,1,1,1,4,8,24,1,18,0,5,.484745762711864,0,1,1,1,1,1,4,1
4.2,0,0,16.5,0,1,0,0,0,0,0,0,0,0,2,49,37,17,50,12,2,1,0,1,0,0,1,0,2,0
22.7,0,32.9,8.5,0,1,0,0,1,0,0,0,0,1,2,56,46,11.4682352941176,33,10.9988938053097,2,1,.0447598253275109,0,0,1,1,0,4,0
11.95,32,0,53,0,1,0,1,0,1,1,1,1,1,4,62,57,21,94,22,2,1,0,0,1,0,1,0,1,0
9.45,0,0,11,0,0,0,0,0,0,0,0,0,0,1,42,57,25,209,40,4,1,0,1,0,0,1,0,1,0
5.05,35.5,0,10.5,23.3,0,1,0,0,1,1,1,1,0,3,13,32,7,31,5,2,0,0,0,1,0,1,1,4,0
21.85,0,0,46.5,0,1,0,0,0,0,0,0,0,0,2,69,46,18,66,19,4,1,0,0,0,0,1,0,2,0
5.95,0,0,5.25,0,0,0,0,0,0,0,0,0,0,1,45,59,11.4682352941176,51,15,2,0,0,0,0,0,1,0,1,0
26.8,0,0,21.75,0,1,0,0,0,0,0,0,0,0,2,66,42,18,118,20,2,1,0,0,0,0,1,0,2,0
4.75,0,21.4,0,0,0,0,0,1,0,0,0,0,1,1,15,35,10,25,3,1,0,0,0,0,1,0,0,2,1
12.1,0,44.9,24.5,0,1,1,0,1,0,1,0,0,1,2,41,44,1,59,21,2.31987577639752,1,0,1,0,1,1,0,3,0
4.75,23,38.55,13.5,42.7,0,1,1,1,1,1,1,1,1,4,11,20,1,71.1461632155907,0,1,0,0,1,1,1,1,1,2,1
7.1,40.75,39.75,16.5,50.85,1,1,1,1,1,1,1,1,1,4,45,30,0,71.1461632155907,10.9988938053097,4,.484745762711864,.0447598253275109,0,1,1,1,1,5,1
13.35,18.5,0,18.5,0,0,0,0,0,0,0,0,1,0,1,52,62,23,71.1461632155907,17,1,0,0,0,1,0,1,0,4,0
8,0,38.5,20.5,40.05,1,1,1,1,1,1,1,1,1,4,42,56,24,71.1461632155907,18,1,0,0,1,0,1,1,1,4,0
12.85,21.75,0,17,0,0,1,0,0,1,1,0,0,0,3,48,35,11,50,10.9988938053097,3,.484745762711864,.0447598253275109,0,1,0,1,0,1,0
4.9,26,41.55,10,36.4,0,1,1,1,1,1,1,1,1,4,4,31,5,39,5,2,0,0,0,1,1,1,1,2,1
9.65,39.25,51.15,53.5,74.8,1,1,1,1,1,1,1,1,1,4,53,64,10,54,20,2,1,0,1,1,1,1,1,2,0
3.8,26.5,0,20.5,0,0,0,0,0,1,1,1,0,0,3,1,59,4,9,4,1,0,1,0,1,0,1,0,1,0
4.05,22.25,31.8,0,0,0,1,1,1,0,1,1,1,1,4,19,30,11.4682352941176,33,1,3,1,0,0,1,1,0,0,4,0
7.4,0,0,0,0,0,0,0,0,0,0,1,0,0,1,33,30,11,28,9,1,0,0,0,0,0,0,0,1,0
7,26.5,0,0,26.1,0,0,1,0,1,1,1,1,0,3,42,36,11.4682352941176,44,11,3,1,0,0,1,0,0,1,2,0
23.95,0,0,10,0,1,0,0,0,0,0,0,0,0,2,35.5609504132231,32,12,34,4,2,0,0,1,0,0,1,0,4,0
16.05,18.75,0,8.25,0,1,0,0,0,1,1,1,1,0,3,57,51,7,68,18,3,.484745762711864,0,1,1,0,1,0,4,0
10.2,0,0,17.5,0,0,0,0,0,0,0,0,0,0,1,64,39,5,37,9,1,0,0,0,0,0,1,0,1,0
7.7,0,38.9,0,32,1,1,1,1,0,1,0,1,1,4,28,20,1,18,0,3,1,0,0,0,1,0,1,3,0
15.65,21.75,0,30.75,0,0,0,0,0,0,1,1,1,0,3,29,35,10,55,7,4,1,0,0,1,0,1,0,2,1
8.95,0,0,9.25,0,0,0,0,0,0,1,1,1,0,3,46,31,12,21,5,5,1,0,0,0,0,1,0,1,0
12.75,0,0,0,0,0,0,0,0,0,0,0,0,0,1,22,41,9,29,11,4,.484745762711864,0,0,0,0,0,0,3,1
3.2,0,0,0,0,0,0,0,0,0,0,0,1,0,1,10,56,26,9,6,2,0,1,.517745302713987,0,0,0,0,2,0
12.35,19.75,27.85,14.5,0,1,0,0,0,0,0,0,0,1,2,50,41,16,138,10.9988938053097,1,0,.0447598253275109,1,1,1,1,0,2,1
18.6,46.25,0,14.75,41.2,0,1,1,0,1,1,1,1,0,4,55,65,34,71.1461632155907,12,1,0,1,1,1,0,1,1,4,0
3.15,0,0,0,0,0,0,0,0,1,0,0,0,0,1,15,54,7,62,11,1,0,0,0,0,0,0,0,1,0
4.6,19.75,0,8.75,56.45,1,1,1,1,1,1,1,1,0,4,31,41.7487179487179,13,37,8,3,1,0,1,1,0,1,1,3,0
4.65,0,25.25,0,0,1,0,0,0,0,1,0,0,0,2,5,44,5,83,16,1,0,0,1,0,1,0,0,1,1
14.5,44.25,0,18.25,0,0,0,0,0,1,1,1,1,0,3,69,63,28,168,43,2,0,0,1,1,0,1,0,1,0
5.85,25.5,42.45,13.25,34.15,1,1,1,1,1,1,1,1,1,4,26,27,11.4682352941176,33,1,6,1,0,0,1,1,1,1,4,1
7.1,21.25,0,25.25,0,0,0,0,1,1,0,1,0,0,1,10,33,2,71.1461632155907,9,4,1,0,1,1,0,1,0,3,1
7.25,25.5,0,32.5,0,0,1,1,0,1,1,1,1,0,4,26,30,9,18,1,3,0,0,0,1,0,1,0,4,1
8.55,21.75,0,15.5,0,0,0,0,0,1,1,0,1,0,3,25,30,0,20,4,1,0,0,1,1,0,1,0,1,0
7.9,0,35.2,27.5,0,1,0,0,1,0,0,0,0,1,2,30,23,4,19,1,4,.484745762711864,0,0,0,1,1,0,3,0
8.5,27,0,20,31.25,0,0,0,0,1,1,1,1,0,3,21,39,7,25,1,4,1,0,0,1,0,1,1,2,0
42.85,0,70.05,15,111.95,1,1,1,1,0,0,1,1,1,4,71,46,27,119,7,1,0,0,1,0,1,1,1,5,0
5.25,30,0,21.75,25.75,0,0,0,1,1,1,1,1,0,3,11,48,5,323,25,4,1,0,0,1,0,1,1,4,1
6,0,0,0,0,0,0,0,0,0,0,1,0,0,1,35.5609504132231,30,7,45,11,2,1,0,1,0,0,0,0,1,0
45.4,0,25.75,46.75,0,1,0,1,0,0,0,0,0,1,2,65,59,27,197,26,2,1,0,0,0,1,1,0,4,0
9.35,0,0,0,0,0,0,0,0,0,0,0,0,0,1,16,34,11.4682352941176,56,10,3,1,0,1,0,0,0,0,3,1
8.2,0,0,13.75,0,1,0,0,0,0,0,0,0,1,2,37,51,11.4682352941176,71.1461632155907,4,2,.484745762711864,0,0,0,0,1,0,4,0
2.4,14.75,27.5,0,0,0,0,0,0,1,1,1,0,0,3,5,30,4,25,6,2.31987577639752,.484745762711864,0,0,1,1,0,0,3,1
6.4,0,31.2,0,0,1,1,0,1,0,0,0,0,1,2,3,55,9,26,0,2,1,0,1,0,1,0,0,2.67150259067358,1
3.2,0,21.6,0,0,0,0,0,1,0,0,0,0,1,1,5,32,6,33,3,2,0,0,.517745302713987,0,1,0,0,4,1
20,63.5,0,15,36.8,1,1,1,0,1,1,1,1,1,4,60,44,4,150,24,2,1,0,0,1,0,1,1,2,0
8,0,0,0,0,1,0,0,1,1,0,0,0,1,2,19,37,4,99,15,3,1,0,1,0,0,0,0,2,1
22.8,0,0,5,33.05,1,1,0,1,1,1,1,1,1,4,54,40,19,50,12,2,0,0,1,0,0,1,1,4,0
7.4,0,0,11,0,0,0,0,0,0,1,1,1,0,3,25,41,3,71.1461632155907,20,4,0,0,1,0,0,1,0,3,0
1.35,0,22.6,0,0,1,0,0,0,1,0,0,0,1,2,1,36,6,21,10.9988938053097,2,0,.0447598253275109,0,0,1,0,0,1,1
18.35,0,0,6,0,0,0,0,1,0,0,0,0,1,1,54,68,7,273,27,1,.484745762711864,0,1,0,0,1,0,3,0
4.4,0,0,0,0,0,0,0,0,0,0,0,0,0,1,14,31,9,39,4,7,1,0,1,0,0,0,0,3,0
5.8,0,20.85,0,0,0,0,0,0,0,0,0,0,1,1,14,28,11.4682352941176,17,3,4,1,0,0,0,1,0,0,2,1
5.7,0,28.05,0,0,1,0,0,1,0,0,0,0,1,2,10,45,8,115,17,4,.484745762711864,0,1,0,1,0,0,3,1
3.65,9.5,0,7,0,0,0,0,0,0,1,1,0,0,1,7,23,3,27,1,3,0,0,1,1,0,1,0,2,0
5.65,24,0,25.5,0,0,0,1,0,1,1,1,1,0,3,33,45,24,35,6,1,0,0,0,1,0,1,0,1,1
4.65,0,30,0,0,0,1,0,1,0,0,0,1,1,1,3,23,2,20,4,1,0,0,0,0,1,0,0,2,0
8.25,0,0,19.75,0,0,0,0,0,0,0,0,1,0,1,56,58,11.4682352941176,71.1461632155907,25,3,1,0,0,0,0,1,0,1,0
9,25.25,0,9,0,0,0,0,0,1,1,1,1,0,3,54,56,8,207,35,1,0,0,1,1,0,1,0,2,0
34.25,0,0,35.75,0,1,0,0,0,0,0,0,0,0,2,72,55,11.4682352941176,40,11,5,1,0,0,0,0,1,0,1,0
9.5,0,27.35,0,0,0,0,0,1,1,1,1,0,0,3,18,29,4,40,1,1,0,0,0,0,1,0,0,2,0
5.25,24.75,0,0,0,0,0,0,0,1,0,0,0,1,1,25,29,11.4682352941176,55,1,1,0,0,0,1,0,0,0,4,1
8.75,0,0,27,0,0,0,0,0,0,0,0,0,1,1,42,62,26,71.1461632155907,35,1,0,1,1,0,0,1,0,1,0
2.8,13.5,29.9,16.5,0,0,0,1,1,0,1,0,0,0,1,4,37,2,41,8,1,0,0,0,1,1,1,0,2,0
4.95,22,0,11.25,28.3,0,0,1,0,0,1,0,0,1,1,12,50,16,71.1461632155907,25,2,1,0,0,1,0,1,1,4,1
12.85,40.25,0,15,0,0,0,0,0,1,1,1,1,0,3,53,64,17,380,36,2,1,0,1,1,0,1,0,2,0
10.25,21.5,0,25.75,58.85,0,1,1,1,1,1,1,1,1,4,13,38,8,104,6,7,1,0,0,1,0,1,1,4,1
12.15,0,0,0,0,1,0,0,0,0,0,0,0,1,2,18,31,12,24,4,4,.484745762711864,0,0,0,0,0,0,3,0
24.4,41.25,0,9.5,36.7,1,1,1,0,1,1,1,1,0,4,67,42,20,81,20,5,1,0,1,1,0,1,1,3,0
3.25,21,0,15.25,0,0,0,0,0,1,1,0,1,0,3,6,24,2,17,1,1,0,0,0,1,0,1,0,1,0
5.4,16,0,0,0,0,1,0,0,0,1,1,0,0,3,25,46,13,45,12,1,0,0,1,1,0,0,0,1,0
3.45,0,31.85,0,0,1,1,0,0,0,0,0,0,1,2,15,39,19,32,2,1,0,0,0,0,1,0,0,2,1
8.6,11,30.05,0,0,1,0,0,0,0,0,0,0,0,2,32,35,11.4682352941176,57,5,1,0,0,0,1,1,0,0,4,0
6.2,0,21.35,0,0,1,0,0,1,0,0,0,0,1,2,22,39,0,63,9,1,0,0,0,0,1,0,0,4,1
8,32.25,0,18.25,19.45,0,1,0,0,1,1,1,1,0,3,8,22,3,25,0,1,.484745762711864,0,0,1,0,1,1,4,0
3.4,0,22.7,0,0,0,0,0,1,0,1,0,0,1,1,3,31,4,22,1,2,1,0,0,0,1,0,0,1,1
16.35,0,0,0,0,0,0,0,0,0,0,0,0,0,1,35.5609504132231,54,6,155,20,1,0,0,0,0,0,0,0,2,0
15.5,0,0,14.25,0,1,0,0,0,0,0,1,0,0,2,49,54,24,30,5,1,0,0,0,0,0,1,0,2,0
3.45,0,0,0,15.1,1,0,1,0,1,1,0,1,1,4,2,28,7,46,0,1,0,0,1,0,0,0,1,3,0
8.3,0,0,0,0,1,0,0,1,0,0,0,0,1,2,39,47,1,68,10,2,0,0,1,0,0,0,0,4,1
6.7,0,0,25.25,0,1,0,0,0,0,0,0,1,0,2,42,33,2,67,10.9988938053097,2,0,.0447598253275109,0,0,0,1,0,2,0
6.05,25.25,41.55,31.75,36.6,1,1,1,0,1,1,1,1,1,4,28,36,11.4682352941176,69,2,1,.484745762711864,0,0,1,1,1,1,3,0
6.3,41.25,55.8,20,50.95,1,1,1,0,1,1,1,1,0,4,41,46,14,47,10.9988938053097,5,1,0,0,1,1,1,1,2,0
29.45,0,22.65,19,0,1,0,0,0,0,0,0,0,1,2,67,50,31,71.1461632155907,12,2,1,0,0,0,1,1,0,2,0
4.25,0,19.8,7,0,1,0,0,1,0,0,0,0,0,2,38,40,15,34,11,1,0,0,1,0,1,1,0,2,0
2.7,31.5,36.25,15,23.4,0,1,0,1,1,1,1,1,1,4,18,38,8,45,2,4,0,0,1,1,1,1,1,2,1
4.3,25.75,0,29,31.9,0,1,1,0,1,1,1,1,0,4,6,42,17,29,2,2,1,0,1,1,0,1,1,2,0
3.3,0,0,0,0,0,0,0,0,0,0,0,1,0,1,4,36,0,21,1,3,0,0,1,0,0,0,0,2,0
5.15,24.25,28.85,0,0,1,1,1,1,1,0,1,1,0,4,13,23,3,30,0,4,1,0,1,1,1,0,0,3,0
5.5,0,46.1,0,35.25,1,1,1,1,0,1,1,0,1,4,20,35,0,71.1461632155907,7,1,0,0,0,0,1,0,1,4,1
12.65,34.25,0,0,0,0,0,0,0,1,1,1,1,0,3,34,49,27,61,15,2,1,0,1,1,0,0,0,3,0
16.85,40.5,0,34.5,39.8,0,1,1,1,1,1,1,1,0,4,46,29,4,90,3,4,1,0,0,1,0,1,1,5,0
19.5,0,0,11.75,0,1,0,0,0,0,0,0,0,0,2,48,41,21,43,7,1,0,0,0,0,0,1,0,2,0
26.05,36.75,41.85,16.25,38.45,1,1,0,0,1,1,1,1,0,3,69,61,12,71.1461632155907,37,2,1,0,0,1,1,1,1,2,0
9.25,0,0,0,0,0,0,0,0,0,0,0,1,0,1,32,34,7,32,15,4,1,0,0,0,0,0,0,2,0
4.75,23,37.45,0,0,1,0,0,0,0,0,1,1,1,2,29,29,9,41,10.9988938053097,2,0,.0447598253275109,0,1,1,0,0,2,0
7.05,0,0,20.25,0,1,1,0,0,0,0,0,0,1,2,55,52,22,71.1461632155907,28,3,0,0,1,0,0,1,0,1,0
21.7,0,0,52.25,0,1,0,0,0,1,1,1,1,0,3,72,60,36,71.1461632155907,43,2,1,0,1,0,0,1,0,1,0
3.4,0,0,15.75,0,0,1,0,0,0,0,0,1,0,1,29,26,1,71.1461632155907,2,1,.484745762711864,0,1,0,0,1,0,3,1
13.05,0,40.6,10.25,40.85,1,1,1,0,1,1,1,1,1,4,50,25,1,36,2,5,1,0,1,0,1,1,1,4,0
12.25,0,23.9,0,0,0,0,0,0,0,0,0,0,1,1,35,50,11,71.1461632155907,21,2,1,0,0,0,1,0,0,3,1
4.15,0,29.9,0,0,0,0,0,1,0,0,0,0,1,1,11,63,9,41,3,1,0,0,0,0,1,0,0,2.67150259067358,1
4.2,0,0,0,0,0,0,0,0,0,0,0,0,1,1,9,29,9,71.1461632155907,5,1,0,0,1,0,0,0,0,3,0
19.2,25.75,0,9.25,0,0,0,0,0,1,0,1,1,0,3,51,48,27,58,18,1,0,0,0,1,0,1,0,1,1
13.4,0,0,0,0,1,0,0,1,1,0,0,0,0,2,33,34,11.4682352941176,28,3,3,1,0,1,0,0,0,0,1,0
10.7,23,0,18.75,0,0,0,0,0,1,1,1,1,0,3,25,20,0,71.1461632155907,10.9988938053097,2,0,0,0,1,0,1,0,2,0
6.45,0,0,5.75,0,0,0,0,0,0,1,0,1,0,3,31,34,9,105,7,4,.484745762711864,0,1,0,0,1,0,4,0
33.05,21.75,53.55,18.75,48.05,1,1,1,1,1,1,1,1,1,4,67,40,10,80,8,2.31987577639752,1,0,1,1,1,1,1,4,0
25.65,41.75,0,11.75,0,1,1,0,0,1,1,1,1,0,3,55,41.7487179487179,11.4682352941176,36,9,3,0,0,0,1,0,1,0,2.67150259067358,0
7.15,0,44.8,14.25,46.55,1,1,1,0,1,1,0,1,1,4,19,50,7,112,3,1,0,0,1,0,1,1,1,4,0
18.45,33.75,56.95,35.5,47.85,0,1,1,1,1,1,1,1,0,4,39,34,11,55,10,4,1,0,1,1,1,1,1,2.67150259067358,0
10.75,33.5,35.3,11,44.6,1,1,0,0,1,1,1,1,0,3,52,35,8,40,1,2,1,0,0,1,1,1,1,4,0
12.95,32.5,0,26.25,0,1,0,0,0,1,1,1,1,0,3,55,37,15,23,0,5,1,0,1,1,0,1,0,2,0
8.3,14.75,52,18,47,1,1,1,0,1,1,1,1,1,4,25,62,27,71.1461632155907,33,1,0,1,1,1,1,1,1,2.67150259067358,1
8.8,0,0,20.75,0,0,0,0,0,0,0,0,0,0,1,33,58,12,21,10.9988938053097,1,0,.0447598253275109,.517745302713987,0,0,1,0,2,0
13.4,0,0,27.5,0,1,0,1,0,1,1,1,1,0,3,48,35,5,63,12,2,0,0,0,0,0,1,0,4,1
8.15,26.5,50.95,31.75,55.55,1,1,1,1,1,1,1,1,1,4,48,31,12,52,3,3,1,0,0,1,1,1,1,4,0
11,0,0,8.75,0,0,0,0,0,0,0,0,0,0,1,49,41.7487179487179,3,189,31,2.31987577639752,0,0,1,0,0,1,0,1,0
18.15,46.25,49.2,21.25,0,0,0,0,0,1,1,1,1,0,3,54,32,0,50,15,3,1,0,0,1,1,1,0,1,1
9.85,0,0,0,0,0,0,0,0,0,0,0,0,0,1,45,32,9,23,15,4,1,0,0,0,0,0,0,2.67150259067358,0
2.45,0,21.9,0,0,0,0,0,1,0,0,0,0,1,1,4,37,1,33,15,5,1,0,1,0,1,0,0,2,1
10.4,0,44,0,0,1,1,0,1,0,0,0,0,1,2,49,27,3,29,6,3,1,0,1,0,1,0,0,3,1
6.4,0,37.6,22.75,46.2,1,1,1,1,1,1,1,1,1,4,23,35,2,96,4,1,0,0,0,0,1,1,1,3,1
14.05,9.25,30.35,0,0,1,0,0,1,0,0,0,0,1,2,31,44,23,80,15,2.31987577639752,.484745762711864,0,0,1,1,0,0,5,1
6.6,43.5,0,29.5,0,0,0,0,0,1,1,1,1,0,3,55,44,2,71.1461632155907,10.9988938053097,5,1,.0447598253275109,0,1,0,1,0,2,0
4.2,0,0,0,0,0,0,0,0,0,0,0,0,0,1,9,41.7487179487179,7,30,4,6,0,0,1,0,0,0,0,1,0
14.6,0,0,29.5,0,0,0,0,0,0,0,0,0,0,1,55,57,25,71.1461632155907,12,3,1,0,0,0,0,1,0,2,0
9.05,21.5,0,8,0,0,1,0,0,1,1,1,1,1,3,34,30,3,35,2,3,0,0,1,1,0,1,0,2,0
8.55,14.75,0,22,0,0,0,0,0,1,1,1,1,0,3,10,23,4,36,1,3,0,0,0,1,0,1,0,2,0
17.25,0,0,17.75,0,1,0,0,0,1,0,0,0,1,2,62,76,20,35,10.9988938053097,1,0,.0447598253275109,1,0,0,1,0,3,0
5.65,36.25,0,19.75,40.4,1,1,1,1,1,1,1,1,0,4,51,36,13,62,10.9988938053097,2,0,.0447598253275109,0,1,0,1,1,3,0
10.4,0,0,22.5,0,1,0,0,0,0,0,0,0,0,2,65,48,28,94,25,1,0,0,0,0,0,1,0,1,0
17.65,28.5,0,41,28.55,0,1,1,0,1,1,1,1,0,4,53,33,11.4682352941176,60,6,2.31987577639752,0,0,0,1,0,1,1,1,0
7.9,0,30.15,0,0,0,1,0,1,0,0,0,0,1,1,23,35,4,118,11,1,0,0,0,0,1,0,0,2,1
1.1,5.75,22.8,2.75,0,0,0,0,1,1,0,0,0,1,1,1,30,3,135,3,2.31987577639752,0,0,.517745302713987,1,1,1,0,4,1
14,30.75,0,14.75,0,1,0,0,0,1,1,1,1,0,3,66,55,20,71.1461632155907,24,1,0,0,1,1,0,1,0,2,0
3.65,0,36.45,0,0,1,0,0,1,0,0,0,0,1,2,35.5609504132231,27,0,21,10.9988938053097,2,1,.0447598253275109,1,0,1,0,0,3,0
3.15,173,0,9.5,0,0,0,0,0,0,0,0,0,0,1,18,28,3,22,2,5,1,0,1,0,0,1,0,1,0
6.2,0,29.55,12.75,0,1,0,0,1,0,0,0,1,0,2,36,32,3,63,7,4,.484745762711864,0,0,0,1,1,0,4,0
8.45,0,0,0,0,0,0,0,0,0,0,0,0,0,1,13,40,16,142,18,1,0,0,1,0,0,0,0,2,1
2.1,13.75,25.95,8.75,0,0,1,0,1,1,0,1,1,0,3,4,44,11.4682352941176,32,0,1,0,0,.517745302713987,1,1,1,0,3,1
6.85,0,36.05,0,0,1,0,0,1,0,0,0,0,1,2,20,32,11.4682352941176,19,5,1,0,0,.517745302713987,0,1,0,0,3,0
20.15,39.25,46.3,17.25,36.4,1,1,1,1,1,1,1,1,1,4,66,39,11.4682352941176,60,10,3,1,0,0,1,1,1,1,4,0
22.4,0,0,18.5,0,0,0,0,0,1,1,1,1,0,3,67,47,7,97,23,4,1,0,0,0,0,1,0,1,0
5.4,16,39.2,13.75,33.55,0,1,1,1,1,1,1,0,1,4,11,24,0,31,10.9988938053097,4,1,.0447598253275109,1,1,1,1,1,2,1
6.35,0,19.75,0,0,0,0,0,1,0,0,0,0,0,1,6,26,7,30,1,2,.484745762711864,0,1,0,1,0,0,3,1
4.6,0,35.45,0,27.7,0,1,1,1,0,0,0,0,1,1,13,23,4,31,5,4,1,0,1,0,1,0,1,1,0
2.1,16.25,43.2,12.25,33.6,1,1,1,1,1,1,1,1,1,4,2,29,3,44,9,6,1,0,1,1,1,1,1,2,1
8.15,0,0,12,0,0,0,0,0,0,0,0,0,0,1,4,40,12,38,5,1,0,0,0,0,0,1,0,2,0
14.3,19.5,39.6,15.25,28.95,1,1,1,1,1,1,1,1,1,4,34,63,11.4682352941176,71.1461632155907,0,2,1,0,1,1,1,1,1,2,0
6.85,0,0,0,0,0,0,0,0,0,1,0,1,0,3,13,34,6,37,6,4,.484745762711864,0,0,0,0,0,0,2.67150259067358,0
18.9,0,0,12,0,1,0,0,0,0,0,0,0,1,2,37,40,11.4682352941176,26,0,5,1,0,0,0,0,1,0,2,0
12.75,0,0,23.75,0,1,0,0,0,0,1,1,1,0,3,45,30,11.4682352941176,38,5,6,1,0,0,0,0,1,0,2,0
30.55,46.25,0,26.25,46.7,1,0,0,0,1,1,1,1,0,3,71,70,11.4682352941176,153,34,2.31987577639752,0,1,1,1,0,1,1,3,0
3.4,0,0,0,0,0,0,0,0,0,0,0,0,0,1,35,40,5,49,20,1,0,0,1,0,0,0,0,1,0
4.95,0,31.55,10.75,0,0,0,0,1,0,0,0,0,1,1,35.5609504132231,41,21,51,7,1,0,0,0,0,1,1,0,3,0
11.9,25.25,0,8.25,0,1,0,0,0,1,1,1,1,0,3,44,45,19,88,21,2,1,0,0,1,0,1,0,1,0
5.45,0,0,0,0,0,0,0,0,0,0,0,0,0,1,35.5609504132231,41,20,19,0,6,1,0,1,0,0,0,0,1,0
5.9,0,0,23,0,0,0,0,0,0,0,0,1,0,1,42,46,9,31,10.9988938053097,3,1,.0447598253275109,1,0,0,1,0,1,0
6.7,0,20.2,31.25,0,0,0,0,1,0,0,0,0,0,1,41,47,11.4682352941176,90,19,3,1,0,0,0,1,1,0,2,1
7.2,0,0,0,0,0,0,0,0,0,0,0,0,0,1,31,24,3,14,0,4,1,0,0,0,0,0,0,1,0
14.6,0,0,14.25,0,0,1,0,1,1,1,0,1,0,3,62,63,11.4682352941176,71.1461632155907,30,1,0,0,0,0,0,1,0,2,1
3.2,41,0,15.75,35.4,0,1,1,1,1,1,1,1,0,4,12,23,2,24,10.9988938053097,8,1,0,1,1,0,1,1,4,0
13.85,50.5,0,21,0,0,0,0,0,1,1,1,1,0,3,45,49,27,81,7,4,1,0,1,1,0,1,0,2,0
18.95,0,0,30.5,0,0,0,0,0,0,0,0,0,0,1,47,34,4,63,13,4,1,0,1,0,0,1,0,2,0
7.9,23,0,15.75,0,1,0,0,0,1,1,1,0,0,3,23,22,11.4682352941176,71.1461632155907,4,5,1,0,0,1,0,1,0,1,0
9.55,21.25,59.2,10,79.2,1,1,1,1,1,1,1,1,1,4,39,34,4,20,3,1,0,0,1,1,1,1,1,5,0
7.55,0,0,6.5,0,0,1,0,0,1,1,1,0,0,3,19,26,2,48,0,2,0,0,0,0,0,1,0,3,0
7.3,0,0,0,0,0,0,0,0,1,0,1,1,0,3,13,54,11.4682352941176,121,23,1,0,0,0,0,0,0,0,4,0
2.1,19.5,27.45,0,0,1,0,1,0,1,1,1,1,1,4,5,33,11.4682352941176,39,10.9988938053097,2.31987577639752,.484745762711864,0,0,1,1,0,0,3,1
3.6,0,0,0,0,0,0,0,0,0,0,0,0,1,1,11,19,11.4682352941176,71.1461632155907,0,1,0,0,0,0,0,0,0,2,1
7,11,26.25,0,0,0,0,1,0,0,0,0,0,1,1,4,32,2,53,5,1,0,0,.517745302713987,1,1,0,0,4,1
5.05,0,28.65,0,0,1,1,0,1,0,1,0,0,0,2,17,42,8,58,23,1,0,0,0,0,1,0,0,1,1
3.55,0,0,0,0,0,0,0,0,0,0,1,0,0,1,7,27,3,39,2,1,.484745762711864,0,0,0,0,0,0,3,1
5.95,21.5,0,11.25,0,0,0,0,0,1,1,1,1,0,3,19,65,3,108,33,3,0,0,0,1,0,1,0,1,0
7.35,0,0,19.25,0,1,0,0,0,0,0,0,0,1,2,32,34,0,38,10,4,1,0,0,0,0,1,0,1,0
18.45,28.25,0,11,0,1,0,0,0,0,0,0,1,0,2,53,51,31,245,0,1,0,0,0,1,0,1,0,4,0
11.7,26,0,23.25,0,0,1,0,0,1,1,1,1,0,3,51,38,19,51,18,1,0,0,1,1,0,1,0,1,0
13.9,0,0,4.5,0,0,0,0,0,0,0,0,0,0,1,35,34,7,78,10,1,0,0,1,0,0,1,0,4,0
2.8,16.5,36,37.75,21.7,0,1,1,0,1,1,1,1,1,4,3,31,4,23,4,5,1,0,0,1,1,1,1,4,1
4.5,0,31.85,0,0,0,0,0,1,0,0,0,0,0,1,22,48,7,88,10.9988938053097,1,0,.0447598253275109,0,0,1,0,0,4,1
6.1,0,0,0,0,1,0,0,0,1,0,1,1,1,3,17,21,0,25,1,3,1,0,1,0,0,0,0,2,0
44.95,15.75,0,20,0,1,0,0,0,0,0,0,0,0,2,68,39,20,73,10.9988938053097,1,0,0,1,1,0,1,0,2,0
13.7,16.25,0,6.75,0,0,0,0,0,1,0,0,1,0,3,35.5609504132231,41,7,62,10.9988938053097,2,.484745762711864,0,1,1,0,1,0,4,0
22.25,27.5,0,26.75,29.75,1,0,0,0,1,1,1,1,0,3,68,52,8,456,30,4,1,0,1,1,0,1,1,3,0
33.65,0,0,0,0,0,0,0,0,1,1,1,1,0,3,56,42,10,24,5,2,1,0,0,0,0,0,0,2,0
6.2,0,28.4,7.25,0,0,0,0,1,0,0,0,0,1,1,11,32,8,23,0,1,0,0,1,0,1,1,0,2,0
2.95,0,0,7.25,0,0,0,0,0,1,0,1,0,0,1,5,47,7,46,6,1,0,0,.517745302713987,0,0,1,0,1,1
3.75,17,31.95,0,21.9,0,0,0,0,1,1,1,1,1,3,16,50,5,263,29,3,0,0,1,1,1,0,1,2,0
16.7,0,32.25,11.75,0,1,1,0,0,0,0,0,0,0,2,59,30,2,71.1461632155907,2,1,0,0,1,0,1,1,0,4,0
30.75,22.25,0,12.25,47.4,1,1,1,0,1,1,1,1,1,4,60,64,14,33,13,1,0,1,0,1,0,1,1,2,0
14.75,20.25,0,10.75,0,0,0,0,0,1,0,0,1,0,3,55,47,11,37,11,1,0,0,0,1,0,1,0,1,0
3.4,0,0,8.25,0,0,0,0,0,1,0,0,0,0,1,18,56,22,296,25,1,0,0,0,0,0,1,0,2,0
4.1,0,29.35,0,0,1,0,0,0,0,0,0,0,1,2,16,22,11.4682352941176,26,0,3,0,0,1,0,1,0,0,3,1
7.25,0,33.7,18.75,0,1,0,0,1,0,0,0,0,0,2,35,57,11.4682352941176,47,12,2,1,0,0,0,1,1,0,4,0
16.6,19,58.7,16.5,51.35,0,1,1,1,1,1,1,1,1,4,31,41.7487179487179,1,31,1,2,1,0,1,1,1,1,1,3,1
9.6,0,0,0,0,0,0,0,0,0,1,0,0,0,1,20,49,5,264,29,2,1,0,1,0,0,0,0,2,0
6.9,15.75,42.75,17.25,30.95,0,1,1,1,1,1,1,1,1,4,16,27,5,41,2,1,0,0,1,1,1,1,1,4,1
19.6,35.75,34.25,62,0,1,0,0,0,0,1,1,0,0,3,69,48,27,55,10.9988938053097,2,1,.0447598253275109,0,1,1,1,0,2,0
23.1,29.25,0,25.5,0,0,0,0,0,0,0,0,0,0,1,69,66,11.4682352941176,71.1461632155907,15,2,1,0,.517745302713987,1,0,1,0,2,0
6.05,0,0,0,0,0,0,1,0,0,0,0,0,0,1,27,24,11.4682352941176,26,7,4,1,0,1,0,0,0,0,1,1
18.05,30.25,0,8.75,30.4,1,0,1,0,1,1,1,1,0,3,48,39,11.4682352941176,110,9,1,0,0,0,1,0,1,1,4,0
12.8,27.75,0,10.5,0,0,0,0,1,0,0,1,0,0,1,18,52,20,66,19,2,1,0,1,1,0,1,0,1,0
4.05,25.75,0,27.5,22.5,0,0,1,0,1,1,1,1,0,3,24,40,4,39,5,2,1,0,1,1,0,1,1,3,0
8.25,24.5,0,0,26.4,1,1,0,0,1,1,0,1,1,4,17,42,6,31,2,1,0,0,0,1,0,0,1,2,1
7.65,0,23.25,0,0,0,0,0,0,0,0,1,0,0,1,9,24,3,26,1,3,1,0,1,0,1,0,0,4,0
4.3,23,45.15,22.75,31.3,0,1,1,1,1,1,1,1,1,4,15,46,5,232,15,2,0,0,1,1,1,1,1,4,1
9.2,0,37.2,18.75,0,1,0,0,0,1,0,0,0,0,2,62,37,10,43,1,3,.484745762711864,0,1,0,1,1,0,4,0
4.7,0,39.65,0,20.8,0,1,1,1,0,0,0,0,1,1,9,41,12,39,3,1,0,0,0,0,1,0,1,4,1
32.65,0,0,41.75,0,1,0,0,0,1,1,1,0,0,3,71,41,11.4682352941176,73,23,2,1,0,1,0,0,1,0,2.67150259067358,0
16.1,36,0,11,0,0,0,0,0,1,1,1,1,0,3,62,59,37,71.1461632155907,10.9988938053097,2,1,.0447598253275109,0,1,0,1,0,1,0
6,21.25,34.4,9.75,26.9,0,0,1,1,1,1,1,0,0,4,35.5609504132231,38,19,237,13,1,0,0,0,1,1,1,1,4,0
3.95,0,0,36.25,0,1,0,0,0,1,1,0,1,0,3,19,33,11,22,3,5,1,0,0,0,0,1,0,1,0
15.85,24.75,0,8.75,0,0,0,0,0,1,1,1,1,0,3,49,41.7487179487179,28,21,8,2,.484745762711864,0,0,1,0,1,0,1,0
4.95,0,0,0,0,0,0,0,0,0,0,0,0,0,1,3,64,3,9,6,1,0,1,0,0,0,0,0,2,1
4.15,0,39.1,0,27.05,0,1,0,1,0,0,0,0,1,1,33,36,11.4682352941176,71.1461632155907,10,1,0,0,0,0,1,0,1,5,1
7.15,0,24.6,10,0,1,0,0,1,0,0,0,0,1,2,38,44,1,50,7,1,0,0,1,0,1,1,0,4,1
16.5,36,54.2,22.75,28.4,1,1,0,0,1,1,1,1,1,4,42,48,14,27,5,3,1,0,1,1,1,1,1,3,0
4.15,21.5,43.7,11.75,38.8,1,1,1,1,0,1,1,0,1,4,11,26,2,53,3,1,0,0,0,1,1,1,1,3,1
5.8,22.5,0,0,0,0,0,0,0,1,1,0,1,0,3,27,28,0,58,0,2,1,0,.517745302713987,1,0,0,0,3,0
8.25,21.75,0,0,0,0,0,0,0,1,0,0,0,0,1,23,50,1,151,8,1,0,0,1,1,0,0,0,4,0
4.75,26.25,0,48.5,24.45,0,1,0,0,1,1,1,1,0,3,4,38,11.4682352941176,54,4,2,1,0,0,1,0,1,1,2,0
10.05,0,0,0,0,0,0,0,0,0,0,0,0,0,1,36,42,5,31,10.9988938053097,1,0,.0447598253275109,1,0,0,0,0,1,1
15.1,0,0,18.5,0,0,0,0,0,1,1,1,1,0,3,37,42,10,115,22,1,0,0,1,0,0,1,0,1,0
7.65,16,0,0,0,0,0,0,0,0,0,0,0,0,1,24,58,30,71.1461632155907,5,2,1,0,.517745302713987,1,0,0,0,1,0
3.2,0,0,0,0,0,0,0,0,0,0,0,0,0,1,4,24,1,17,2,3,0,0,0,0,0,0,0,2,1
13.9,32,0,20.25,0,0,0,0,0,1,1,0,1,0,3,54,33,11.4682352941176,47,13,2,0,0,1,1,0,1,0,2,0
8.85,19.5,0,53.25,0,0,0,0,0,1,1,1,1,0,3,7,49,8,36,10.9988938053097,1,0,.0447598253275109,1,1,0,1,0,1,1
6.2,27.5,42.4,40,36.3,0,1,1,1,1,1,1,1,1,4,10,28,11.4682352941176,75,1,1,0,0,0,1,1,1,1,4,1
3.3,0,30.3,0,0,1,0,0,1,0,0,0,0,1,2,24,35,10,71.1461632155907,6,2,1,0,1,0,1,0,0,5,0
3.7,0,24.3,0,0,0,0,0,1,0,0,0,0,1,1,12,31,11.4682352941176,18,4,1,0,0,0,0,1,0,0,4,1
9.05,18.5,0,8.75,0,0,0,0,0,1,1,1,1,0,3,45,54,25,171,33,1,0,0,1,1,0,1,0,3,0
8.95,0,0,15.25,0,1,0,0,0,0,0,0,0,0,2,59,55,29,42,21,2,1,0,1,0,0,1,0,2.67150259067358,0
3.2,0,0,0,0,0,0,0,0,0,0,0,0,0,1,3,21,1,36,0,4,1,0,1,0,0,0,0,3,0
4.4,17.25,35.65,0,42.05,1,1,1,1,1,1,1,1,1,4,8,35,6,31,7,1,0,0,0,1,1,0,1,5,1
7.45,15.5,0,11.75,0,0,0,1,0,0,1,1,1,1,4,16,59,5,207,37,2,0,0,1,1,0,1,0,2,0
7.3,0,0,33.75,0,0,0,0,0,0,0,0,0,0,1,32,33,1,38,12,1,0,0,.517745302713987,0,0,1,0,1,0
3,30.5,59.3,23.5,60.3,1,1,1,1,1,1,1,1,1,4,8,49,14,134,9,1,0,0,1,1,1,1,1,4,1
4.5,0,28.5,0,0,1,0,0,1,0,0,0,1,1,2,9,28,8,28,4,3,.484745762711864,0,0,0,1,0,0,3,1
5.85,0,22.15,0,0,1,0,0,0,0,0,0,0,0,2,12,19,0,15,0,4,1,0,1,0,1,0,0,2,0
14.4,25.75,37.2,57.75,36.95,1,1,1,1,1,1,1,1,1,4,24,43,11.4682352941176,48,4,6,1,0,0,1,1,1,1,4,0
37.3,0,0,109.25,0,1,0,0,0,0,0,0,0,0,2,72,75,48,14,10.9988938053097,1,0,1,1,0,0,1,0,2,0
16.35,0,0,17,0,1,0,0,1,0,0,0,0,0,2,58,61,11.4682352941176,71.1461632155907,18,2.31987577639752,0,0,1,0,0,1,0,4,0
18.9,47.5,0,25,0,1,1,0,0,1,1,1,1,0,3,70,44,24,87,18,3,1,0,0,1,0,1,0,2,0
12.2,0,0,0,0,0,0,0,0,0,0,0,0,0,1,9,25,3,27,4,1,0,0,1,0,0,0,0,1,1
9.9,0,43.15,5.5,26.9,1,1,1,1,0,0,0,0,1,2,49,25,1,27,0,1,0,0,1,0,1,1,1,5,0
15.25,32.5,0,21.75,39.3,1,0,0,0,1,1,0,1,0,3,52,54,7,71.1461632155907,22,1,.484745762711864,0,0,1,0,1,1,3,0
4.85,27.5,44.35,23.5,36.85,1,1,1,1,1,1,1,1,1,4,10,42,10,294,9,6,.484745762711864,0,1,1,1,1,1,4,1
4.85,0,0,14.25,14.9,0,1,0,0,1,1,0,0,0,3,14,52,2,71.1461632155907,5,2,1,0,0,0,0,1,1,3,0
5.4,20.5,0,23,0,0,1,1,0,1,1,1,1,0,4,19,27,3,35,4,6,1,0,0,1,0,1,0,2,0
5.95,0,38.3,0,32,1,1,1,1,0,0,0,0,1,2,12,36,4,205,10,4,1,0,1,0,1,0,1,4,1
10.15,0,0,13.25,0,1,1,0,0,0,0,1,1,1,2,65,59,27,732,31,1,0,0,1,0,0,1,0,3,0
27,30,0,19.75,0,0,0,0,0,1,1,1,1,0,3,67,40,14,59,11,2,.484745762711864,0,0,1,0,1,0,3,0
10.2,32.25,0,17.5,0,0,0,0,0,1,1,1,1,0,3,29,24,11.4682352941176,23,7,2,1,0,0,1,0,1,0,1,0
17.9,0,28,15.25,0,0,0,0,1,0,0,1,1,1,1,55,46,8,87,19,1,0,0,1,0,1,1,0,2,0
33.85,21.75,0,18.25,0,0,0,0,0,0,1,1,1,0,3,71,67,25,110,23,2,1,0,1,1,0,1,0,1,0
4,26.25,0,20.25,21.95,0,1,0,1,1,1,1,1,0,3,5,44,2,71.1461632155907,14,3,1,0,1,1,0,1,1,3,1
16.35,28,23.85,13.25,0,1,0,0,0,0,0,0,0,1,2,60,58,0,71.1461632155907,21,3,0,0,1,1,1,1,0,4,0
5.05,0,0,0,0,0,0,0,1,0,0,0,0,0,1,10,40,6,22,6,1,0,0,1,0,0,0,0,3,1
12.85,28.5,48.75,24,37.15,1,1,1,1,1,1,1,1,0,4,52,64,44,71.1461632155907,10.9988938053097,1,.484745762711864,.0447598253275109,0,1,1,1,1,3,0
21.05,15.5,0,17.25,0,1,0,0,1,0,0,0,0,1,2,61,43,11.4682352941176,35,11,3,1,0,0,1,0,1,0,2,0
17.55,0,0,37,0,1,0,0,0,0,0,0,1,0,2,61,29,5,48,11,4,1,0,0,0,0,1,0,2,0
49.35,27,0,10.25,0,1,0,0,0,1,1,1,1,0,3,67,47,19,69,12,3,1,0,0,1,0,1,0,3,0
10.95,0,0,0,0,1,0,0,1,0,0,1,0,0,2,41,42,12,26,5,4,.484745762711864,0,0,0,0,0,0,4,0
12.4,0,0,0,0,0,0,0,0,0,0,0,0,0,1,30,28,1,71.1461632155907,8,1,0,0,1,0,0,0,0,1,1
12.05,48.25,0,33,28.15,0,1,1,0,1,1,1,1,1,4,24,46,12,43,6,1,0,0,.517745302713987,1,0,1,1,2,0
49.3,31.75,0,26,0,1,0,0,0,0,0,0,1,0,2,72,75,37,71.1461632155907,44,1,0,1,1,1,0,1,0,1,0
5.15,0,29.15,11.25,28.05,1,1,1,1,1,0,1,1,1,4,17,35,11.4682352941176,66,11,1,0,0,0,0,1,1,1,2,1
29.6,0,0,18,0,1,0,0,0,0,1,1,1,0,3,65,72,11.4682352941176,71.1461632155907,0,1,0,1,0,0,0,1,0,2,0
7.35,18.5,0,9.75,23,0,0,1,1,1,1,1,1,1,4,15,30,8,90,11,5,1,0,0,1,0,1,1,2,0
7.5,0,0,0,0,1,0,0,0,0,0,0,0,0,2,34,33,8,35,2,1,.484745762711864,0,.517745302713987,0,0,0,0,3,1
7.9,0,21.95,0,0,1,0,0,1,0,0,0,0,0,2,26,43,23,51,4,1,0,0,1,0,1,0,0,5,1
10.5,0,0,0,0,1,0,0,0,0,0,0,0,1,2,36,45,22,117,15,1,0,0,1,0,0,0,0,3,0
24.4,42.25,0,13.5,0,0,0,0,0,1,1,1,1,0,3,35.5609504132231,48,29,100,26,1,0,0,1,1,0,1,0,2,0
6.95,23.25,0,6.5,0,0,0,0,0,1,1,1,1,0,3,16,54,20,147,29,4,0,0,0,1,0,1,0,1,0
1.95,0,0,0,0,0,0,0,0,0,0,0,0,0,1,1,33,11.4682352941176,53,6,1,0,0,1,0,0,0,0,4,1
16.85,0,36.7,6.5,0,1,1,0,1,0,0,0,0,1,2,56,30,9,57,2,4,1,0,0,0,1,1,0,5,0
5.35,0,23.55,0,0,1,0,0,0,0,0,0,0,1,2,6,50,11.4682352941176,37,0,1,0,0,0,0,1,0,0,2,0
14.15,0,0,8,0,1,0,0,0,0,1,0,0,0,2,48,34,7,42,2,1,.484745762711864,0,1,0,0,1,0,3,0
10.2,24.5,0,13.75,0,0,0,0,0,1,1,1,1,0,3,34,36,11.4682352941176,50,10.9988938053097,2,1,.0447598253275109,0,1,0,1,0,1,0
14.3,55.5,62.15,19.25,83.7,1,1,1,1,1,1,1,1,1,4,54,42,0,55,2,5,1,0,0,1,1,1,1,4,1
10.8,22.25,0,9.25,0,0,1,1,0,1,1,1,1,0,4,38,31,2,71.1461632155907,7,4,1,0,1,1,0,1,0,2,0
10.95,0,0,0,0,0,0,0,0,0,0,0,0,0,1,25,55,15,37,7,1,0,0,1,0,0,0,0,1,1
10.8,35.5,37.5,21,50.9,1,1,1,1,1,1,1,1,1,4,47,69,17,228,39,4,.484745762711864,0,1,1,1,1,1,3,1
28.35,32.75,45.15,39.75,56.55,1,1,1,1,1,1,1,1,0,4,72,62,35,71.1461632155907,31,2,1,0,0,1,1,1,1,5,0
3.25,23,39.35,18.5,30.3,0,0,1,1,1,1,1,1,0,4,6,35,6,28,3,3,1,0,1,1,1,1,1,4,0
6.4,0,0,0,0,0,0,0,0,0,0,0,0,0,1,30,51,9,118,21,2,1,0,1,0,0,0,0,5,0
26.85,26,0,43,33.75,1,1,0,0,1,1,1,1,1,4,65,70,9,71.1461632155907,10.9988938053097,2,1,.0447598253275109,.517745302713987,1,0,1,1,2,0
14.3,35.25,0,18.5,0,1,1,0,0,1,1,1,1,0,3,22,41.7487179487179,11.4682352941176,37,1,2,1,0,0,1,0,1,0,4,0
13.35,39.5,0,21,0,0,0,0,0,1,1,1,1,0,3,60,53,32,71.1461632155907,28,1,0,0,0,1,0,1,0,1,0
5.25,21.5,62.4,17,47.8,1,1,1,1,1,1,1,1,1,4,19,32,12,71,5,1,0,0,1,1,1,1,1,4,1
3.3,27.5,0,31,0,0,0,0,0,0,0,0,1,0,1,18,25,4,26,7,3,0,0,1,1,0,1,0,2,0
2.4,0,25.25,0,0,0,0,0,0,1,0,0,0,0,1,9,37,10,14,5,6,.484745762711864,0,1,0,1,0,0,4,1
1.6,0,0,0,0,0,0,0,1,0,0,0,0,0,1,1,34,6,18,0,2,1,0,1,0,0,0,0,1,1
6.3,19.75,27.35,0,22.65,0,1,1,1,1,1,1,1,1,4,10,28,11.4682352941176,36,0,3,1,0,1,1,1,0,1,4,0
6.55,0,32.35,0,0,1,0,0,1,0,0,0,0,1,2,45,34,14,43,0,4,1,0,.517745302713987,0,1,0,0,4,1
5.8,14.25,33.85,31.5,26.6,0,1,0,0,0,1,1,1,1,3,25,28,6,41,4,2.31987577639752,1,0,1,1,1,1,1,4,1
11.6,0,0,11.5,0,1,0,0,0,0,0,0,0,0,2,66,39,1,66,15,1,0,0,1,0,0,1,0,2,0
3.6,17.75,32.35,12,0,1,1,0,0,0,1,1,1,0,3,27,67,1,71.1461632155907,10.9988938053097,1,0,.0447598253275109,1,1,1,1,0,4,1
6.45,0,0,0,0,0,0,0,0,1,0,0,0,0,1,19,41,5,53,10.9988938053097,1,0,.0447598253275109,0,0,0,0,0,4,0
1.8,0,0,10,0,0,0,0,0,1,1,0,0,0,1,17,41,9,28,3,6,1,0,0,0,0,1,0,4,0
4.85,18,31.75,0,0,0,0,0,0,0,1,1,0,1,1,16,36,13,58,4,1,0,0,0,1,1,0,0,4,0
6.1,0,0,0,0,0,0,0,1,0,0,0,1,1,1,8,42,11.4682352941176,129,17,2.31987577639752,1,0,1,0,0,0,0,4,0
3.3,0,34.25,11.25,0,0,1,0,1,1,1,0,1,1,4,3,25,0,65,0,1,.484745762711864,0,1,0,1,1,0,4,1
28.75,0,0,7.5,0,0,0,0,0,0,0,0,0,0,1,59,57,26,71.1461632155907,36,1,0,0,1,0,0,1,0,3,0
10.8,0,25,0,0,1,0,0,0,0,0,0,0,1,2,45,37,2,71.1461632155907,14,1,.484745762711864,0,1,0,1,0,0,3,0
34.25,21,0,20,0,1,0,0,0,0,0,0,0,0,2,66,62,31,47,10.9988938053097,1,0,.0447598253275109,1,1,0,1,0,2,0
14.85,0,0,13,0,0,0,0,0,0,0,1,0,0,1,28,50,7,71.1461632155907,3,2,1,0,0,0,0,1,0,1,0
3.85,0,0,0,0,0,0,0,0,1,0,0,0,0,1,15,38,11,46,11,3,.484745762711864,0,0,0,0,0,0,5,1
7.9,78.75,0,35,38.8,0,1,1,0,1,1,1,1,0,4,39,34,10,51,13,4,.484745762711864,0,1,1,0,1,1,3,0
8.5,14.25,0,0,0,0,0,0,0,1,1,0,0,0,3,38,33,11.4682352941176,19,5,2,0,0,1,1,0,0,0,2,0
6.75,0,25.8,0,0,1,0,0,1,0,0,0,0,1,2,34,29,11.4682352941176,26,4,2,.484745762711864,0,1,0,1,0,0,3,0
20.35,29,50.25,20.5,55.9,1,1,1,1,1,1,1,1,1,4,60,57,18,72,30,2,.484745762711864,1,0,1,1,1,1,5,0
53.65,22.5,0,66.25,0,1,0,0,0,1,1,1,0,0,3,72,65,11.4682352941176,71.1461632155907,41,4,1,1,1,1,0,1,0,1,0
15,29.25,0,0,0,0,1,0,0,0,1,1,0,0,3,42,42,9,41,13,8,1,0,0,1,0,0,0,2,0
11.25,0,0,0,0,0,0,0,0,0,0,0,1,1,1,32,37,9,44,7,1,0,0,0,0,0,0,0,2,0
12.9,22.75,43.2,12,41.25,1,1,1,1,1,1,0,1,1,4,48,50,4,71.1461632155907,19,2,.484745762711864,0,1,1,1,1,1,4,1
14.95,0,39.25,13.5,0,1,1,0,1,0,0,0,0,1,2,63,37,11.4682352941176,45,9,6,.484745762711864,0,1,0,1,1,0,4,0
13.45,0,0,0,0,1,0,0,0,0,0,1,0,0,2,45,27,3,39,10.9988938053097,4,.484745762711864,.0447598253275109,0,0,0,0,0,3,0
25.6,0,33,16,0,1,0,0,1,0,0,0,0,1,2,68,42,16,89,12,1,0,0,0,0,1,1,0,4,0
4.2,0,0,0,0,0,0,0,0,0,0,0,0,0,1,6,29,4,71.1461632155907,5,2,1,0,1,0,0,0,0,2,0
16.1,49,0,18.75,50.6,1,1,1,1,1,1,1,1,1,4,68,57,33,71.1461632155907,0,2,1,0,1,1,0,1,1,2,1
58.65,24,38.2,20.25,48.85,1,1,0,1,1,1,1,1,0,4,72,68,26,71.1461632155907,36,2,1,1,1,1,1,1,1,2,0
12.05,0,0,10.75,20.25,1,0,0,1,0,1,1,0,1,2,53,38,15,20,6,4,1,0,1,0,0,1,1,3,0
9.05,24.75,0,11.5,0,0,0,0,0,1,1,1,1,1,3,20,51,11,27,6,3,1,0,0,1,0,1,0,4,0
43.6,0,0,30,0,1,0,0,0,0,0,0,1,0,2,70,35,11.4682352941176,48,9,3,1,0,0,0,0,1,0,2,0
10.5,0,0,0,0,0,0,0,1,0,0,0,0,0,1,32,47,25,135,6,1,0,0,1,0,0,0,0,2,0
18.2,24.75,29.95,9.25,0,1,0,0,0,1,1,1,1,0,3,61,52,23,71.1461632155907,0,2,1,0,0,1,1,1,0,1,1
10.6,0,40.4,25.25,23.4,1,0,1,1,0,0,0,0,1,2,24,25,3,28,0,3,1,0,0,0,1,1,1,4,0
16.85,0,0,11.25,0,0,0,0,0,0,0,0,0,0,1,56,61,14,71.1461632155907,16,2,1,1,1,0,0,1,0,1,0
10.7,0,31.65,5.25,19.05,1,0,0,1,1,0,0,1,0,2,54,59,28,28,15,1,0,0,0,0,1,1,1,2,0
9.4,0,39.55,0,29.4,1,1,1,1,1,1,0,0,0,4,43,38,7,18,10.9988938053097,3,.484745762711864,.0447598253275109,1,0,1,0,1,3,0
3.65,37,40.3,21.25,43.05,1,1,1,1,1,1,1,1,0,4,19,35,7,71.1461632155907,5,2.31987577639752,0,0,1,1,1,1,1,3,1
5.55,15.75,0,6.5,0,0,0,0,0,1,1,1,1,0,3,5,43,16,72,17,1,0,0,.517745302713987,1,0,1,0,3,0
8.2,0,0,11,0,0,0,0,1,0,0,0,0,1,1,24,61,6,71.1461632155907,10.9988938053097,4,1,.0447598253275109,1,0,0,1,0,4,1
18.45,0,0,19,0,1,0,0,0,0,0,0,0,0,2,62,35,2,28,8,2,1,0,1,0,0,1,0,2,0
6.4,18,43.1,23.75,47.7,1,1,1,1,1,1,1,1,1,4,14,40,13,398,11,1,0,0,1,1,1,1,1,5,1
13.05,44.25,0,17,69.55,1,1,1,0,1,1,1,1,0,4,60,48,22,106,21,3,1,0,1,1,0,1,1,3,0
7.25,30.25,0,17.25,0,0,0,0,0,1,1,1,1,0,3,30,74,12,10,3,2,1,1,1,1,0,1,0,1,0
4.95,0,29.7,0,0,1,0,0,1,0,0,0,0,1,2,40,42,16,108,17,4,.484745762711864,0,0,0,1,0,0,3,1
14.3,0,0,11.5,0,0,0,0,0,0,0,0,0,0,1,42,50,17,85,15,4,1,0,1,0,0,1,0,2,0
5.65,0,0,0,0,1,0,0,1,0,0,0,0,0,2,20,41.7487179487179,14,71.1461632155907,9,1,0,0,1,0,0,0,0,3,1
2.25,0,0,23.5,0,0,0,0,0,1,0,1,1,0,3,4,22,1,71.1461632155907,2,3,1,0,1,0,0,1,0,2,0
4.25,43.25,0,38.75,39.55,1,1,1,0,1,1,1,1,0,4,44,49,2,66,8,4,1,0,1,1,0,1,1,2,0
13.9,33.25,0,12.75,0,0,0,0,0,1,1,1,1,0,3,49,63,18,71.1461632155907,2,1,0,1,0,1,0,1,0,2,0
3.5,19.5,0,0,0,0,0,0,0,1,0,1,1,0,3,5,36,2,34,4,2,1,0,1,1,0,0,0,1,1
51.9,0,0,15.75,0,1,0,0,0,0,0,0,0,0,2,70,50,11.4682352941176,67,22,4,1,0,0,0,0,1,0,1,0
7.25,0,0,8.5,0,0,0,0,0,0,0,0,0,0,1,30,57,16,19,1,4,1,0,0,0,0,1,0,1,1
10,20.75,53.6,26.5,55.3,0,1,1,1,1,1,1,1,1,4,28,48,20,128,4,1,0,0,1,1,1,1,1,4,1
4.7,24.25,44.65,16.5,32.5,1,1,1,1,1,1,1,1,0,4,5,28,3,39,1,6,1,0,0,1,1,1,1,5,0
8.25,32.5,35.65,11,33.85,0,1,1,0,1,1,1,1,1,4,27,35,12,56,3,1,0,0,1,1,1,1,1,1,0
8.65,0,28.95,0,0,0,0,0,0,0,0,0,0,1,1,17,39,12,45,10,1,0,0,1,0,1,0,0,4,1
2.5,0,0,0,0,0,0,0,0,0,0,0,0,0,1,4,37,8,25,1,5,1,0,1,0,0,0,0,1,0
13.35,22.5,0,0,0,0,0,0,1,1,1,0,1,0,3,30,23,0,24,1,4,1,0,1,1,0,0,0,2,0
10.15,40,0,27.75,38.35,1,0,1,1,1,1,1,1,0,4,71,40,19,53,14,2,1,0,1,1,0,1,1,4,0
25.35,0,0,26.75,0,0,0,0,0,0,1,0,0,0,1,67,77,55,49,45,1,0,1,1,0,0,1,0,1,0
5.55,0,0,11.25,0,0,0,0,0,0,0,0,0,0,1,24,48,3,38,16,2,1,0,1,0,0,1,0,1,0
11.45,0,28.7,10.5,0,0,0,0,1,0,0,0,0,1,1,24,54,7,84,10,2,1,0,1,0,1,1,0,3,1
13.6,28.75,0,11.75,0,0,0,0,0,1,1,1,1,0,3,59,54,32,71.1461632155907,22,1,0,0,1,1,0,1,0,1,0
29.2,21.5,0,12.75,0,1,0,0,0,1,1,0,0,1,2,59,32,9,73,5,1,0,0,0,1,0,1,0,4,1
9.15,0,0,0,0,1,1,0,1,0,0,0,0,1,2,44,37,1,41,8,6,.484745762711864,0,1,0,0,0,0,4,0
4.85,0,0,0,0,1,0,0,0,0,0,0,0,0,2,19,31,11.4682352941176,22,2,3,1,0,.517745302713987,0,0,0,0,4,1
11.1,0,25.6,10.5,0,0,0,0,1,0,0,0,0,0,1,58,46,23,23,2,2.31987577639752,1,0,1,0,1,1,0,1,0
12.65,0,0,11.75,0,1,0,0,0,0,0,0,1,0,2,41,53,22,94,25,2,1,0,0,0,0,1,0,2,0
9.25,21,41.4,17.75,41,0,1,0,0,1,1,1,1,0,3,16,33,1,71.1461632155907,7,2.31987577639752,.484745762711864,0,0,1,1,1,1,3,1
2.3,0,0,0,0,0,0,0,0,0,0,0,1,0,1,35.5609504132231,36,11,31,0,1,0,0,0,0,0,0,0,2,1
9.9,31.75,0,18,0,0,0,0,0,1,1,1,1,0,3,60,53,22,171,10.9988938053097,1,0,.0447598253275109,1,1,0,1,0,1,0
41.15,0,0,33.25,0,1,0,0,0,0,0,0,0,0,2,72,49,23,102,27,6,1,0,1,0,0,1,0,1,0
9.7,21.75,41.75,8.5,61.6,1,1,1,1,0,1,0,0,1,4,33,39,17,27,3,1,0,0,.517745302713987,1,1,1,1,4,0
30.25,0,0,13.25,42.85,1,1,1,0,1,1,1,1,0,4,72,45,25,98,20,2,.484745762711864,0,1,0,0,1,1,4,0
25,34.25,45,16,53,1,1,1,0,1,1,1,1,0,4,66,54,11.4682352941176,71.1461632155907,25,2,.484745762711864,0,.517745302713987,1,1,1,1,4,0
5.4,52,0,34,0,0,0,0,0,1,1,1,1,0,3,53,37,7,25,2,2.31987577639752,1,0,1,1,0,1,0,1,0
9.7,21.5,39.9,9.5,42.9,1,0,1,1,1,1,1,1,1,4,22,28,0,36,0,4,.484745762711864,0,0,1,1,1,1,4,0
4.4,0,0,0,0,0,0,0,0,1,0,1,0,0,3,14,26,1,25,10.9988938053097,3,1,.0447598253275109,1,0,0,0,0,2,0
18.35,0,0,19,34.5,0,0,0,0,1,1,1,1,0,3,52,49,18,69,13,2,0,0,1,0,0,1,1,2,0
5.55,33.75,0,37.25,30,0,0,1,0,1,1,1,1,0,3,33,30,5,22,0,2,1,0,0,1,0,1,1,1,0
39.1,65,0,39.75,0,1,0,0,0,1,1,1,1,0,3,72,66,26,67,37,1,0,1,1,1,0,1,0,2,0
10,0,0,14,27.15,1,1,0,0,1,1,1,1,0,3,40,40,3,73,12,4,1,0,1,0,0,1,1,4,1
6.1,0,47,24.25,35.55,1,1,1,1,1,0,1,1,1,4,29,26,1,22,2,1,0,0,1,0,1,1,1,4,1
18.05,0,0,19,0,0,0,0,0,1,1,1,1,0,3,63,67,22,71.1461632155907,12,1,0,1,0,0,0,1,0,2,0
12.7,24.5,39.05,24.25,34.2,1,0,1,1,1,0,0,0,1,2,56,54,11.4682352941176,71.1461632155907,10.9988938053097,1,0,.0447598253275109,.517745302713987,1,1,1,1,3,0
21.5,77.75,0,10.25,64.2,0,1,1,0,1,1,1,1,0,4,60,50,26,239,19,2,1,0,1,1,0,1,1,2,0
10.95,0,0,0,0,0,0,0,0,1,0,0,0,1,1,28,22,3,23,1,5,.484745762711864,0,0,0,0,0,0,3,0
5.95,0,0,21.25,0,1,0,0,1,0,0,0,1,0,2,39,39,11.4682352941176,29,10.9988938053097,1,0,.0447598253275109,0,0,0,1,0,4,0
21.1,0,0,9.75,0,0,0,0,0,1,0,1,0,0,3,65,39,18,32,15,4,1,0,0,0,0,1,0,2,0
7.6,33.75,0,14.5,0,0,0,1,0,1,1,1,1,0,3,35.5609504132231,31,7,30,7,1,0,0,1,1,0,1,0,3,0
9.6,21.75,0,17.25,0,0,0,0,0,1,1,1,1,0,3,28,36,8,57,13,2,0,0,1,1,0,1,0,2,0
3.75,22.25,0,23.5,27.1,0,0,1,0,1,1,1,1,0,3,35.5609504132231,18,0,20,10.9988938053097,1,0,.0447598253275109,0,1,0,1,1,2,1
35.85,39.75,34.3,22.25,0,1,0,0,0,1,0,1,1,0,3,67,52,13,71.1461632155907,20,3,0,0,1,1,1,1,0,2,0
3.1,18.5,37.9,22.75,26.4,0,0,1,1,1,1,0,0,1,4,5,35,9,59,8,5,1,0,1,1,1,1,1,3,0
16.95,43,0,28.5,0,0,0,0,0,1,0,1,1,0,3,48,35,10,24,6,1,0,0,0,1,0,1,0,2,0
3.7,0,0,0,0,0,0,0,0,0,0,0,0,0,1,10,26,11.4682352941176,25,4,3,1,0,1,0,0,0,0,1,0
5.5,0,0,0,0,1,0,0,0,0,0,1,1,0,3,17,28,3,37,2,1,0,0,1,0,0,0,0,3,1
17.8,23.75,36.3,10.5,31.75,1,1,0,1,0,1,1,0,1,4,21,24,0,71.1461632155907,0,5,.484745762711864,0,1,1,1,1,1,4,0
6.45,16.25,48.15,31,34.55,1,1,1,1,1,1,1,1,1,4,25,51,11.4682352941176,66,13,2,.484745762711864,0,0,1,1,1,1,4,0
14.4,0,0,12,0,0,0,0,0,0,0,0,0,0,1,44,31,8,16,3,1,0,0,0,0,0,1,0,1,1
10.2,24.25,42.85,16,43.35,1,0,1,0,1,0,1,1,1,4,59,49,28,429,23,2,0,0,1,1,1,1,1,4,1
6.95,0,0,0,0,0,0,0,0,0,0,0,0,0,1,11,26,7,20,4,1,0,0,0,0,0,0,0,2,0
12.4,20.5,40.8,18.25,25.15,0,0,0,1,1,0,1,1,1,3,50,68,32,71.1461632155907,28,2,1,0,0,1,1,1,1,3,0
4.15,0,0,0,0,1,0,0,0,0,0,0,0,0,2,23,41.7487179487179,2,71.1461632155907,1,2.31987577639752,1,0,1,0,0,0,0,3,0
7.1,0,24.95,0,0,1,0,0,1,0,0,0,0,1,2,17,19,0,18,0,2,0,0,1,0,1,0,0,2,1
5.25,15.5,0,31.75,33.95,0,1,0,0,1,1,1,1,0,3,35.5609504132231,62,3,144,21,2,1,0,0,1,0,1,1,2.67150259067358,0
13.5,0,0,19,0,1,0,0,0,0,0,0,0,0,2,68,57,38,71.1461632155907,9,2,1,0,1,0,0,1,0,1,0
25.95,0,36.9,18.75,0,0,0,0,1,0,0,0,0,1,1,69,42,23,19,0,2,1,0,1,0,1,1,0,3,0
6.75,0,0,0,0,0,0,0,0,0,0,0,0,0,1,30,24,3,30,7,5,1,0,1,0,0,0,0,1,1
6.1,22.75,0,13.25,21.35,0,1,0,0,1,1,0,1,0,3,22,30,11.4682352941176,41,8,1,0,0,0,1,0,1,1,2,0
5.9,0,0,0,0,0,0,0,0,0,0,0,0,0,1,10,20,1,20,10.9988938053097,4,1,.0447598253275109,1,0,0,0,0,2,1
34.65,0,36.45,40.75,0,1,0,0,0,1,0,0,0,0,2,72,59,12,65,21,6,1,0,1,0,1,1,0,3,0
15.25,0,0,4.75,0,0,0,0,0,1,0,0,1,0,3,34,24,5,17,0,2,1,0,1,0,0,1,0,4,0
8.6,0,0,20.75,0,1,0,0,0,0,1,0,1,0,3,43,49,18,66,22,4,1,0,0,0,0,1,0,1,0
5.2,19.5,47.25,15.75,39.8,0,1,1,1,1,0,1,0,1,4,31,37,15,18,5,3,.484745762711864,0,0,1,1,1,1,4,0
5.6,12,0,0,0,0,0,0,0,0,0,0,0,0,1,6,27,11.4682352941176,26,2,5,1,0,0,1,0,0,0,4,1
14.45,0,0,41.5,0,0,0,0,0,0,1,1,0,0,3,48,42,21,46,4,1,0,0,0,0,0,1,0,4,0
7.25,0,0,7.5,0,0,0,0,0,0,0,0,0,0,1,50,25,6,19,5,3,0,0,0,0,0,1,0,1,0
5.25,0,0,0,0,1,0,0,0,0,0,0,0,0,2,20,41,11.4682352941176,58,6,2,1,0,1,0,0,0,0,2.67150259067358,0
16.65,0,0,71,0,0,0,0,0,0,0,0,0,0,1,35.5609504132231,73,10,71.1461632155907,21,1,0,1,0,0,0,1,0,1,0
3.65,0,0,0,0,0,0,0,0,0,0,0,0,0,1,6,21,0,15,1,1,0,0,1,0,0,0,0,2,0
1.65,0,0,0,0,0,0,0,1,0,0,0,0,1,1,1,22,11.4682352941176,71.1461632155907,2,1,0,0,0,0,0,0,0,2,1
6.15,23.75,45.4,12.25,37.25,1,1,1,1,1,1,1,1,1,4,21,43,13,41,1,1,0,0,1,1,1,1,1,2,1
3.6,15.25,41,0,28.05,1,0,1,1,1,1,1,1,1,4,35.5609504132231,32,1,71.1461632155907,3,2,0,0,0,1,1,0,1,4,0
14.55,69.5,0,20.25,68.3,0,1,1,0,1,1,1,1,0,4,65,56,19,71.1461632155907,34,2,1,0,1,1,0,1,1,3,0
16.15,0,35.05,22,0,1,1,0,0,0,0,1,0,1,2,64,37,11.4682352941176,44,9,1,.484745762711864,0,1,0,1,1,0,4,0
2,0,0,0,0,0,0,0,0,1,1,1,0,0,3,4,30,0,41,0,2,0,0,0,0,0,0,0,2,1
27,0,0,10.75,0,1,0,0,0,0,0,1,0,1,2,67,45,22,83,11,2,1,0,1,0,0,1,0,3,0
6.6,0,0,0,0,1,0,1,1,0,0,0,0,0,2,22,35,12,28,3,2,0,0,0,0,0,0,0,2,1
14.95,0,0,9.5,0,1,0,0,0,0,1,1,0,0,3,51,37,17,101,10,2,1,0,1,0,0,1,0,2,0
6.4,17.25,36.85,12.75,22,1,0,0,0,0,1,1,1,0,3,50,28,6,28,10,1,0,0,1,1,1,1,1,1,0
11.95,0,0,0,0,0,0,0,0,0,0,0,0,0,1,31,47,11.4682352941176,35,0,2,1,0,0,0,0,0,0,2,0
7.1,15,0,12.75,0,0,0,0,0,1,1,1,0,0,3,4,28,0,39,3,2.31987577639752,0,0,1,1,0,1,0,2,1
15.25,0,57.45,28.5,67,1,1,1,1,1,1,1,1,1,4,60,56,19,71.1461632155907,11,1,.484745762711864,0,0,0,1,1,1,4,0
5.05,0,0,0,0,0,0,0,0,0,0,0,0,1,1,7,31,12,31,7,6,1,0,1,0,0,0,0,2,1
7.2,0,0,4.75,0,1,0,0,0,0,0,0,0,1,2,20,40,2,209,15,1,0,0,1,0,0,1,0,4,0
8.4,17.5,24.8,0,0,0,0,0,0,1,1,0,1,0,3,35.5609504132231,23,4,37,1,4,.484745762711864,0,1,1,1,0,0,3,1
10.8,58.75,63.25,37.75,109.7,1,1,1,1,1,1,1,1,1,4,58,37,5,64,8,2,1,0,1,1,1,1,1,4,1
15.1,36.25,39.9,24,48.8,1,1,1,1,1,1,1,1,1,4,65,64,20,71.1461632155907,26,1,0,0,1,1,1,1,1,2.67150259067358,1
27.35,0,0,13.25,0,1,0,0,0,0,0,0,0,0,2,72,61,34,61,8,3,1,0,0,0,0,1,0,1,0
1.95,0,0,27.5,21.5,0,1,0,1,1,1,1,1,1,4,8,42,3,66,10,1,0,0,0,0,0,1,1,2.67150259067358,0
5.05,0,0,8.5,0,0,0,0,0,0,0,0,0,0,1,33,40,14,19,5,2,.484745762711864,0,0,0,0,1,0,3,0
6.45,19,0,17,0,0,1,1,0,1,1,1,1,0,4,18,34,4,42,14,5,1,0,1,1,0,1,0,2,0
8.5,20,0,13,0,0,0,0,0,1,1,1,0,0,3,24,31,6,41,13,5,1,0,.517745302713987,1,0,1,0,2,0
20.55,0,0,20.75,0,1,0,0,0,0,0,0,0,0,2,70,36,8,50,15,2.31987577639752,0,0,1,0,0,1,0,1,0
3.85,19.25,38.35,7,17.7,1,1,1,1,0,1,0,0,1,4,7,38,11.4682352941176,70,10.9988938053097,1,0,.0447598253275109,0,1,1,1,1,4,1
38.9,62.5,0,62,0,0,0,0,0,1,1,1,1,0,3,70,59,27,85,19,1,0,0,1,1,0,1,0,1,0
10.7,33,0,27.5,29.4,1,1,0,0,1,1,1,1,0,3,20,48,21,45,2,2,1,0,1,1,0,1,1,3,1
33.95,0,0,24.25,0,1,0,0,0,0,0,0,0,0,2,54,32,12,27,9,2,1,0,0,0,0,1,0,2.67150259067358,0
6,0,0,0,0,0,0,0,0,0,0,0,0,0,1,36,48,28,29,2,1,0,0,0,0,0,0,0,1,0
34.95,28.75,0,36,0,1,0,0,0,0,1,1,1,0,3,35.5609504132231,53,29,48,0,2,1,0,1,1,0,1,0,4,0
12.6,9.5,0,6.75,0,0,0,0,0,1,0,1,0,0,3,17,41,11.4682352941176,32,3,1,0,0,0,1,0,1,0,2,0
4.45,17,0,13.75,0,0,0,0,0,1,1,1,0,0,3,18,45,17,43,9,3,1,0,0,1,0,1,0,1,0
5.45,17.75,44.85,13.5,33.9,0,0,1,0,1,1,1,1,1,4,16,27,8,16,0,1,0,0,1,1,1,1,1,5,1
5.6,0,0,12.25,0,1,0,0,1,0,0,0,0,1,2,38,41.7487179487179,11.4682352941176,22,3,2,1,0,1,0,0,1,0,2,0
8.45,0,34.35,14.5,34.1,1,1,0,1,0,0,1,1,1,4,52,45,19,40,9,3,1,0,1,0,1,1,1,3,0
13.8,31.75,43.65,18.75,66,1,1,1,1,1,1,1,1,0,4,46,48,12,256,25,6,.484745762711864,0,0,1,1,1,1,2.67150259067358,0
7.6,15.25,0,9.75,0,0,0,0,1,1,1,1,0,1,3,31,46,23,144,13,1,0,0,0,1,0,1,0,4,0
5,11.75,0,0,0,1,0,0,1,0,0,0,0,1,2,23,31,10,45,0,2,.484745762711864,0,0,1,0,0,0,4,0
7.8,0,0,0,24.65,1,0,0,1,1,1,1,1,0,3,38,56,34,34,0,3,1,0,1,0,0,0,1,2,0
11.05,17.25,0,5.5,29.15,1,0,0,0,1,1,1,0,0,3,50,54,15,248,28,1,0,0,1,1,0,1,1,3,0
4.1,14,39.15,0,31.8,0,1,1,1,0,0,1,0,0,4,16,49,17,41,5,1,0,0,0,1,1,0,1,2,0
6.05,23.5,36.25,20.5,37.85,0,1,1,1,1,0,1,1,1,4,14,34,4,27,1,2,1,0,1,1,1,1,1,4,0
10.3,0,37.6,15.25,0,1,0,0,1,0,0,0,0,0,2,30,52,23,17,3,1,0,0,.517745302713987,0,1,1,0,3,1
9,21.25,50.75,57.25,57,1,1,1,1,1,1,1,1,1,4,35.5609504132231,47,0,44,11,3,.484745762711864,0,1,1,1,1,1,4,1
12.15,31.75,0,16.25,0,1,1,1,1,1,1,1,1,1,4,35.5609504132231,55,12,135,24,4,1,0,0,1,0,1,0,2,0
12.65,0,35.1,46.75,29.15,1,0,0,1,0,0,0,0,0,2,59,26,3,41,1,3,1,0,1,0,1,1,1,4,1
13,0,0,0,0,0,1,0,0,1,1,1,1,0,3,54,55,1,71.1461632155907,33,1,0,0,0,0,0,0,0,3,0
3.35,21,42.4,17.5,59.55,0,1,1,1,1,1,1,1,1,4,9,40,13,38,7,1,0,0,1,1,1,1,1,4,1
14.3,0,29.25,25.25,0,1,0,0,1,0,0,0,0,1,2,67,67,38,49,10,2,1,0,1,0,1,1,0,2,0
4.65,0,26.65,0,0,0,0,0,0,0,0,0,1,1,1,24,44,19,33,0,2,0,0,1,0,1,0,0,3,0
5.95,0,26.55,0,0,1,0,0,1,0,0,0,0,0,2,12,55,13,71.1461632155907,5,2,1,0,1,0,1,0,0,1,1
7.1,16,38.5,18,23.5,1,1,0,1,0,0,0,1,1,2,26,47,13,54,0,1,.484745762711864,0,0,1,1,1,1,3,0
2.75,15.75,29.5,9.25,28.55,1,1,1,0,0,0,1,0,1,4,3,32,4,58,11,4,0,0,0,1,1,1,1,2,1
4.75,0,0,0,0,1,1,0,1,1,1,1,0,1,4,20,46,2,23,4,2,0,0,1,0,0,0,0,5,0
3.1,16.5,35.25,25.5,40.3,0,1,1,1,1,1,1,1,0,4,5,52,0,97,9,2,1,0,0,1,1,1,1,5,1
7.3,29.5,51.2,22,62.8,1,1,1,1,1,1,1,1,1,4,58,41.7487179487179,19,71.1461632155907,10.9988938053097,1,0,.0447598253275109,1,1,1,1,1,3,1
10.4,0,0,25.75,0,0,0,0,0,0,0,0,0,0,1,54,28,2,21,3,4,1,0,0,0,0,1,0,3,0
10.5,25,0,8.25,0,0,0,1,0,0,0,0,0,1,1,52,39,6,119,10.9988938053097,1,.484745762711864,.0447598253275109,1,1,0,1,0,3,0
3.95,0,0,12,0,0,0,0,0,0,0,0,0,0,1,38,30,10,25,10.9988938053097,4,1,.0447598253275109,1,0,0,1,0,1,0
5.6,9,0,0,0,0,0,0,0,1,0,0,1,0,1,19,46,5,59,17,1,.484745762711864,0,0,1,0,0,0,3,0
7.1,0,0,0,0,0,0,0,0,0,0,0,0,1,1,22,33,11.4682352941176,24,3,4,1,0,0,0,0,0,0,1,0
16.1,0,0,0,0,1,0,0,0,0,0,0,0,1,2,49,35,15,113,4,5,1,0,0,0,0,0,0,4,0
4.7,19,0,9.25,0,0,0,0,0,1,1,1,1,0,3,5,39,0,22,0,2,0,0,1,1,0,1,0,1,0
3.85,0,0,0,0,0,0,0,0,0,0,0,0,0,1,18,69,28,71.1461632155907,17,1,0,1,0,0,0,0,0,1,0
22.05,18.75,0,7.5,24.95,1,0,0,0,1,1,1,1,0,3,43,29,4,33,13,4,0,0,1,1,0,1,1,1,0
6.95,21.25,37.95,0,36.65,1,1,1,1,0,1,1,1,1,4,17,50,2,71.1461632155907,19,1,0,0,0,1,1,0,1,5,1
9.2,0,30.45,0,0,1,0,0,0,1,0,0,0,1,2,37,33,4,41,8,3,0,0,1,0,1,0,0,3,1
3.15,10.75,0,0,0,0,0,0,0,0,0,0,0,0,1,8,39,0,39,7,1,0,0,1,1,0,0,0,1,0
17.3,25.75,0,23,37.4,1,0,1,0,1,1,1,1,0,3,51,46,8,107,21,6,1,0,1,1,0,1,1,2,0
17.8,44.25,0,32,0,1,1,0,0,1,1,1,1,0,3,71,55,11,71.1461632155907,31,3,1,0,1,1,0,1,0,1,0
14.15,0,34.2,9.5,0,1,1,0,1,0,0,0,0,1,2,56,53,23,100,14,2,1,0,1,0,1,1,0,5,0
14.85,57.5,0,15,39.5,1,0,1,0,1,1,1,1,0,3,35.5609504132231,68,21,71.1461632155907,45,1,0,0,0,1,0,1,1,2,0
31.9,53.25,0,16.5,0,1,0,0,0,1,1,1,1,0,3,62,53,14,360,26,2,0,0,1,1,0,1,0,3,0
12.85,24.25,49.2,14.25,42.85,1,1,1,0,1,1,1,1,1,4,50,52,22,71.1461632155907,27,2,1,0,1,1,1,1,1,2,0
1.45,0,25.25,0,0,0,0,0,1,0,0,0,0,1,1,35.5609504132231,31,3,29,2,3,0,0,1,0,1,0,0,5,1
7.4,0,35.4,0,0,1,1,0,1,1,0,1,0,1,4,15,26,1,71.1461632155907,10.9988938053097,2,0,.0447598253275109,0,0,1,0,0,4,1
62.3,0,35.65,65.25,0,1,0,0,0,1,1,0,0,1,2,72,55,24,71.1461632155907,25,2,.484745762711864,0,1,0,1,1,0,3,0
25.2,0,0,36.25,0,0,0,0,0,1,0,1,0,0,3,69,47,10,159,24,4,1,0,0,0,0,1,0,2,1
7.65,28,0,18.5,0,0,0,1,0,1,1,1,1,0,3,32,44,11.4682352941176,201,24,1,0,0,0,1,0,1,0,2,0
9.55,20.5,0,34.75,0,0,1,0,0,1,1,1,1,0,3,19,25,6,27,0,2,1,0,1,1,0,1,0,4,1
8.7,0,47.15,11.75,47.5,1,1,0,1,1,0,0,1,1,4,42,54,19,71.1461632155907,10,1,0,0,1,0,1,1,1,3,0
15.7,0,0,8.5,0,0,0,0,0,0,1,0,0,0,1,51,49,29,45,10.9988938053097,1,0,0,0,0,0,1,0,1,0
4.8,28,0,19,0,0,1,0,0,1,1,1,1,0,3,32,22,2,17,2,4,1,0,1,1,0,1,0,2,1
4.25,29,0,12,0,0,0,0,0,1,1,1,1,0,3,26,55,13,71.1461632155907,26,2,1,0,0,1,0,1,0,1,0
7.05,27.5,0,17.5,0,0,1,1,0,1,1,1,1,0,4,39,44,14,418,18,2,1,0,0,1,0,1,0,4,0
43.25,50.5,0,19.25,44.9,1,0,1,1,1,1,1,0,0,4,72,53,12,152,32,1,0,0,1,1,0,1,1,2,0
2.8,22.75,0,13.75,30.2,0,1,1,1,1,1,1,1,0,4,4,39,11,38,1,2,0,0,0,1,0,1,1,4,1
21.95,40.25,0,25.75,21.8,1,0,0,0,1,1,1,1,0,3,54,50,5,151,20,3,1,0,0,1,0,1,1,4,0
5.95,25.75,45.4,16.75,37.7,1,0,1,1,1,1,1,1,1,4,34,40,21,23,10.9988938053097,3,1,.0447598253275109,1,1,1,1,1,4,0
4.55,16,0,19.25,27.05,0,0,0,1,1,0,1,0,1,1,20,25,4,33,0,2.31987577639752,.484745762711864,0,1,1,0,1,1,4,0
6.5,0,0,14.5,0,0,0,0,0,0,0,0,0,0,1,14,49,11.4682352941176,26,8,1,0,0,0,0,0,1,0,2.67150259067358,0
17.35,35,0,29.25,0,0,0,0,0,1,1,0,1,0,3,61,59,26,89,10.9988938053097,1,0,.0447598253275109,1,1,0,1,0,1,0
3.75,0,0,15.75,0,0,1,0,1,0,1,0,0,0,1,4,24,2,71.1461632155907,0,1,0,0,0,0,0,1,0,4,1
7.85,20.25,0,14,0,0,0,0,0,1,1,1,1,0,3,16,48,25,59,13,2,0,0,0,1,0,1,0,2,1
4.85,0,0,0,0,0,0,0,0,0,0,0,0,1,1,13,41,9,55,12,3,0,0,1,0,0,0,0,2,0
9.95,0,28.65,23.5,0,1,0,0,1,0,0,0,0,1,2,53,37,11.4682352941176,25,6,2,1,0,1,0,1,1,0,3,1
16.4,38.25,0,55.5,57.05,1,1,1,1,1,1,1,1,1,4,58,36,13,39,8,7,1,0,1,1,0,1,1,2,1
10.55,0,31.95,32.75,23.65,0,1,0,0,1,0,0,1,0,3,25,38,19,56,19,2,1,0,1,0,1,1,1,1,0
23.9,27.5,0,15,0,1,0,0,0,1,1,1,1,0,3,71,61,19,155,10.9988938053097,2,1,0,0,1,0,1,0,3,0
4.3,23.25,51.6,0,60.35,1,1,1,1,1,1,0,1,1,4,22,33,13,119,0,4,1,0,1,1,1,0,1,5,1
10.2,26.5,40.2,11.5,23.2,0,0,0,0,1,1,1,1,1,3,46,48,15,64,20,2,.484745762711864,0,0,1,1,1,1,3,0
10.3,0,0,14.25,0,1,0,1,1,0,0,0,0,0,2,66,50,2,71.1461632155907,24,2,1,0,0,0,0,1,0,5,0
32.65,33,54,29.25,50.65,1,1,1,1,1,1,1,1,0,4,69,58,29,26,7,3,1,0,1,1,1,1,1,2,0
6.85,0,42.1,0,25.15,1,0,0,1,0,1,0,1,1,2,38,49,3,33,11,4,1,0,0,0,1,0,1,4,0
5.1,0,27.15,0,0,0,0,0,0,0,0,0,0,1,1,16,35,7,46,10.9988938053097,1,.484745762711864,.0447598253275109,0,0,1,0,0,2.67150259067358,0
7.55,16.25,0,10.25,0,0,1,1,1,1,1,1,1,1,4,44,41.7487179487179,11.4682352941176,41,8,2.31987577639752,1,0,.517745302713987,1,0,1,0,2,0
11.95,0,0,28.25,0,0,0,0,0,0,0,1,1,0,3,50,50,11.4682352941176,31,8,1,0,0,0,0,0,1,0,1,0
4.95,32,53.25,35.75,50.45,1,1,1,1,1,1,1,1,1,4,10,23,1,29,0,1,0,0,1,1,1,1,1,4,0
3.85,28,37.65,9,41.4,1,1,1,0,1,1,1,1,1,4,7,41,6,94,16,1,0,0,0,1,1,1,1,2,0
30.9,0,0,19.75,0,0,0,0,0,0,0,1,0,0,1,71,41.7487179487179,25,288,19,2.31987577639752,0,0,.517745302713987,0,0,1,0,3,0
5,0,0,0,0,0,0,0,0,0,0,0,0,0,1,16,39,11.4682352941176,31,4,5,1,0,1,0,0,0,0,1,0
1.9,20.75,0,15.5,0,0,0,0,0,1,1,1,1,0,3,6,20,0,71.1461632155907,0,2,0,0,1,1,0,1,0,2,0
10.1,39,0,18,0,0,0,1,0,1,1,1,1,0,3,46,55,11.4682352941176,269,35,1,0,0,0,1,0,1,0,2,0
17.6,22,0,21.75,0,0,1,0,0,1,1,1,1,0,3,51,49,13,203,27,4,1,0,0,1,0,1,0,3,0
3.6,12.5,28.5,0,19.3,0,1,0,0,0,1,1,0,1,1,5,34,12,22,2,2,0,0,0,1,1,0,1,2,1
14.65,0,0,41.25,0,0,0,0,0,0,0,0,0,0,1,49,54,23,25,1,4,1,0,1,0,0,1,0,2.67150259067358,0
12.25,0,0,0,0,1,0,0,1,0,1,0,0,1,2,49,51,14,71.1461632155907,16,2,1,0,0,0,0,0,0,5,0
9.45,0,29.2,0,0,0,0,1,0,0,0,0,0,1,1,26,30,11.4682352941176,76,7,2,1,0,0,0,1,0,0,3,0
5.4,38.75,0,17.75,50.2,0,1,1,1,1,1,1,1,1,4,22,39,4,55,17,1,0,0,1,1,0,1,1,2,1
20.7,34.75,48.65,32.25,48.65,1,1,1,1,1,1,1,1,0,4,51,45,4,46,6,2,1,0,0,1,1,1,1,3,0
4.75,0,46.3,21.75,37.7,1,1,1,1,1,1,1,1,1,4,19,27,7,56,10.9988938053097,4,.484745762711864,.0447598253275109,0,0,1,1,1,2.67150259067358,1
5.8,27.75,33.75,30.75,25.9,0,1,0,0,1,1,1,1,0,3,9,36,1,79,11,5,0,0,1,1,1,1,1,3,1
3.15,0,0,0,0,0,0,0,0,0,0,0,0,0,1,15,25,0,51,2,2,1,0,1,0,0,0,0,3,0
12.7,38.25,0,33.75,0,0,0,0,0,1,1,1,1,0,3,57,63,19,61,27,1,0,0,0,1,0,1,0,1,0
10.2,0,0,0,0,0,0,0,0,0,0,0,0,0,1,48,45,15,41,10,2,0,0,1,0,0,0,0,1,0
3.1,0,21.35,0,0,0,0,0,0,0,0,0,0,1,1,9,53,20,50,10.9988938053097,2,1,.0447598253275109,.517745302713987,0,1,0,0,2.67150259067358,1
12.1,0,0,15.75,0,0,0,0,0,1,0,1,1,0,3,61,52,21,82,18,1,0,0,0,0,0,1,0,1,0
32.55,35.5,0,14.75,40.75,1,0,0,0,1,1,1,1,0,3,72,53,34,71.1461632155907,23,1,0,0,0,1,0,1,1,1,0
16.1,14,0,11.75,0,0,0,0,0,0,1,1,1,0,3,57,60,20,14,27,1,0,1,1,1,0,1,0,2,0
15.1,0,0,7.5,0,1,0,0,1,0,0,0,1,0,2,57,51,10,71.1461632155907,13,1,0,0,0,0,0,1,0,1,0
8.8,37.75,0,22,0,0,0,0,0,1,1,1,1,0,3,37,60,0,46,10.9988938053097,3,1,.0447598253275109,0,1,0,1,0,2.67150259067358,0
20.25,0,0,37.75,0,0,0,0,0,0,0,0,0,1,1,45,51,11.4682352941176,146,16,2,0,0,0,0,0,1,0,4,0
15.2,0,0,14.25,0,0,0,0,1,0,0,0,0,0,1,45,39,15,36,11,5,1,0,1,0,0,1,0,1,0
17.35,24.5,0,14.25,0,0,0,0,0,0,0,1,1,0,3,55,44,24,83,23,1,0,0,1,1,0,1,0,1,0
5.2,18.5,0,0,0,1,1,0,0,0,1,0,0,0,2,24,27,2,17,3,5,0,0,.517745302713987,1,0,0,0,3,1
4.2,0,34.05,0,16.85,0,1,0,1,0,0,0,1,1,1,1,20,1,71.1461632155907,0,1,0,0,0,0,1,0,1,3,1
6,28,0,12.75,0,0,0,0,0,0,1,1,1,0,3,34,23,3,24,7,4,1,0,1,1,0,1,0,1,0
4.9,14.5,0,0,0,0,0,0,0,0,0,0,0,0,1,14,37,5,48,1,4,1,0,1,1,0,0,0,3,0
3.85,23.75,0,12.5,0,0,0,0,0,1,1,1,1,0,3,6,32,11.4682352941176,47,10,2.31987577639752,0,0,0,1,0,1,0,1,0
8.7,47.75,0,32.75,64,0,1,1,1,1,1,1,1,1,4,24,30,11.4682352941176,25,5,2,0,0,0,1,0,1,1,4,1
2.55,23.5,29.6,10.75,19.2,0,1,1,0,1,0,1,1,0,4,3,26,6,59,0,3,1,0,1,1,1,1,1,4,1
3.65,0,34.2,29,0,0,1,0,1,1,0,1,1,1,4,4,30,1,45,6,3,0,0,0,0,1,1,0,4,1
39,31.25,0,14.75,0,1,0,0,0,0,0,0,1,1,2,72,40,19,163,10.9988938053097,2,1,.0447598253275109,0,1,0,1,0,4,0
7.5,20.25,0,0,0,1,0,0,0,1,1,0,0,0,3,44,56,4,63,6,1,0,0,1,1,0,0,0,2,1
15,45.25,0,52.75,0,0,0,0,0,1,1,1,1,0,3,50,43,6,27,4,1,0,0,0,1,0,1,0,3,0
16.85,0,42.55,26.5,44.1,1,0,0,1,0,0,1,0,1,2,61,50,16,71.1461632155907,22,2,1,0,1,0,1,1,1,2,0
4.95,19,0,13.5,0,0,0,0,1,1,0,1,1,0,3,34,52,2,106,19,2,1,0,0,1,0,1,0,2,0
5.2,23.5,0,23.75,39.25,0,0,1,0,1,1,1,1,1,4,26,54,30,71.1461632155907,1,2,1,0,1,1,0,1,1,3,1
3.7,16.5,42.5,0,33.1,1,1,1,1,1,0,1,1,1,4,15,46,11.4682352941176,63,1,2,1,0,0,1,1,0,1,5,1
3,0,29.05,0,0,0,0,0,0,0,0,0,0,1,1,10,39,0,27,0,3,0,0,1,0,1,0,0,2.67150259067358,0
4.65,0,25.6,0,0,0,0,0,0,0,0,0,0,0,1,7,34,2,22,5,1,.484745762711864,0,1,0,1,0,0,5,0
26.75,32,54.55,35.75,65.8,1,1,1,1,1,1,1,1,1,4,67,59,40,944,33,1,0,0,1,1,1,1,1,5,0
25.6,33.5,0,25.25,0,0,1,0,0,1,1,1,1,0,3,70,49,18,87,22,1,0,0,1,1,0,1,0,2,0
13.15,0,33.6,16.25,0,1,0,0,1,0,0,0,0,1,2,50,36,7,39,3,3,1,0,1,0,1,1,0,3,1
